id,source,title,language,date,audio_duration,video_duration,speaker,speaker_provenance,series_name,series_part,series_order,scripture_osis,scripture_book,primary_scripture,kind,is_conference,description,invitation,summary,transcript_ref,soundcloud_id,youtube_id,topics,key_points,references,scripture_refs,questions
sc-2338530545,soundcloud,La doctrine de l'incarnation de Christ,fr,2026-06-13,3389,,David Pelosi,default-rule,Évangile de Luc,,1,Luke.1.26-Luke.1.38,Luke,Luc 1:26-38,sermon,False,La naissance du Fils éternel de Dieu dans la chair : un mystère glorieux dont dépend entièrement notre salut.,"Cette prédication prend le temps d'expliquer pourquoi la précision doctrinale sur l'incarnation n'est pas un luxe théologique mais une nécessité pour le salut. On y voit comment chaque affirmation biblique sur la personne du Christ protège à la fois la gloire du mystère et la réalité de la rédemption. C'est une étude rigoureuse et accessible, utile autant pour le croyant qui veut approfondir sa foi que pour celui qui cherche à comprendre pourquoi l'Église a tenu ferme sur ces précisions depuis les premiers siècles.","Le prédicateur expose la doctrine de l'incarnation à partir de la Confession de foi, montrant que le Fils éternel de Dieu, deuxième personne de la Trinité, a pris une véritable nature humaine sans cesser d'être Dieu et sans que sa personne soit transformée ou multipliée. Il démontre que cette précision est indispensable au salut : sans un médiateur à la fois vraiment Dieu et vraiment homme, issu d'une conception virginale, il n'y a ni représentation valide de la race humaine ni rédemption possible. Plusieurs hérésies classiques — docétisme, nestorianisme, modalisme — sont identifiées comme autant de déviations qui compromettent cette vérité fondamentale.",data/catalog/transcripts/sc-2338530545.txt,2338530545,,Christologie | Incarnation | Naissance virginale | Trinité | Médiation du Christ | Union hypostatique | Hérésies christologiques | Rédemption,"L'incarnation s'inscrit dans le dessein éternel trinitaire : le Père envoie le Fils, le Saint-Esprit opère la conception, le Fils devient médiateur. | La doctrine de la Trinité est le fondement nécessaire de l'incarnation et de la rédemption : sans distinction de personnes, il n'y a ni médiateur ni juge. | Le Fils éternel a assumé une véritable nature humaine (de la substance de Marie), sans que sa personne divine soit changée, mélangée ou multipliée. | La naissance virginale est une condition pour que le nouvel Adam vienne sans la transmission du péché originel, tout en participant réellement à la nature humaine. | Chaque hérésie (docétisme, nestorianisme, modalisme) est présentée comme une menace concrète à la réalité du salut. | La moindre déviation sur la personne ou l'œuvre du Christ compromet le salut, d'où l'importance d'une compréhension biblique précise.",Confession de foi baptiste de 1689 | Francis Schaeffer | Concile d'Éphèse | Théotokos,Jean 1:1 | Jean 1:14 | Galates 4:4 | Romains 8:3 | Philippiens 2:6-8 | Hébreux 2:14 | Hébreux 2:17 | 1 Jean 4:2 | Luc 24:39 | Malachie 4:2,"En quoi la précision sur la personne du Christ (Fils éternel, deuxième personne de la Trinité) est-elle une question de salut et pas seulement de vocabulaire théologique ? | Comment la doctrine de la Trinité rend-elle possible et nécessaire l'incarnation du Fils pour notre rédemption ? | Quelles sont les conséquences concrètes pour notre foi si la nature humaine du Christ n'était qu'une apparence (docétisme) ou si sa personne était divisée en deux (nestorianisme) ? | Pourquoi la conception virginale est-elle indispensable pour que Jésus soit un représentant sans péché de la race humaine ?"
sc-2334913202,soundcloud,Introduction à la Christologie : Déclarations capitales,fr,2026-06-07,3477,,David Pelosi,default-rule,Épître aux Colossiens,,3,Col.1.12-Col.1.20,Col,,sermon,False,,,,,2334913202,,,,,,
sc-2334907916,soundcloud,Introduction au panorama général de la Bible,fr,2026-06-07,2766,,David Pelosi,default-rule,,,,,,,teaching_or_qa,False,,,,,2334907916,,,,,,
sc-2326480337,soundcloud,Introduction à la Christologie : Ordre confessionnel,fr,2026-05-24,3053,,David Pelosi,default-rule,Épître aux Colossiens,,2,Col.1.12-Col.1.20,Col,,sermon,False,,,,,2326480337,,,,,,
sc-2309532407,soundcloud,Le triomphe de la miséricorde,fr,2026-04-26,3291,,David Pelosi,default-rule,Épître de Jacques,,14,Jas.2.12-Jas.2.13,Jas,,sermon,False,,,,,2309532407,,,,,,
sc-2305315550,soundcloud,,fr,2026-04-19,3913,,David Pelosi,default-rule,Actes des Apôtres,,1,Acts.1.1-Acts.1.11,Acts,,sermon,False,,,,,2305315550,,,,,,
sc-2296940147,soundcloud,,fr,2026-04-05,4108,,David Pelosi,default-rule,Évangile de Jean,,5,John.13.1-John.13.18,John,,sermon,False,,,,,2296940147,,,,,,
sc-2284148612,soundcloud,Galates 6 : 1,fr,2026-03-15,4234,,David Pelosi,default-rule,Épître aux Galates,,68,Gal.6.14,Gal,,sermon,False,,,,,2284148612,,,,,,
sc-2279697239,soundcloud,"Le jugement imminent de Dieu : la nuit est avancée, le jour approche",fr,2026-03-08,3898,,David Pelosi,default-rule,Étude — Ézéchiel,,11,Ezek.7.5-Ezek.7.7,Ezek,,sermon,False,,,,,2279697239,bA_raD3yptU,,,,,
sc-2275538630,soundcloud,Le légalisme transgresseur face à la liberté sanctifiante,fr,2026-03-01,3884,,David Pelosi,default-rule,Épître aux Galates,,67,Gal.6.13,Gal,,sermon,False,,,,,2275538630,RoEGlbc9Td0,,,,,
sc-2271246476,soundcloud,"Christ, Prêtre et Roi de paix",fr,2026-02-22,3783,,David Pelosi,default-rule,Épître aux Hébreux,,28,Heb.7.1-Heb.7.2,Heb,,sermon,False,,,,,2271246476,lQJIB1N_Jl4,,,,,
sc-2270784290,soundcloud,La supériorité de la nouvelle alliance,fr,2026-02-21,3681,,David Pelosi,default-rule,Épître aux Hébreux,,2,Heb.1.1-Heb.1.4,Heb,,sermon,False,,,,,2270784290,,,,,,
sc-2267022659,soundcloud,L'adoration au cœur du salut en Jésus-Christ,fr,2026-02-15,3089,,David Pelosi,default-rule,Évangile de Jean,,4,John.4.1-John.4.24,John,,sermon,False,,,,,2267022659,,,,,,
sc-2262405503,soundcloud,La foi authentique : promouvoir la liberté par le don de soi,fr,2026-02-08,3628,,David Pelosi,default-rule,Épître aux Galates,,66,Gal.6.12-Gal.6.13,Gal,,sermon,False,,,,,2262405503,,,,,,
sc-2261976683,soundcloud,L'alliance de grâce dans l'AT et NT : une seule et même alliance,fr,2026-02-07,3826,,David Pelosi,default-rule,Épître aux Romains,,1,Rom.4.1-Rom.4.25,Rom,,sermon,False,,,,,2261976683,,,,,,
sc-2259635702,soundcloud,L'amour extraordinaire du Dieu trinitaire,fr,2026-02-03,2732,,David Pelosi,default-rule,Évangile de Jean,,3,John.3.16,John,,sermon,False,,,,,2259635702,,,,,,
sc-2259630446,soundcloud,La destruction totale d'Israël pour mettre fin à leur vie misérable selon Dieu,fr,2026-02-03,2386,,David Pelosi,default-rule,Étude — Ézéchiel,,10,Ezek.7.1-Ezek.7.4,Ezek,,sermon,False,,,,,2259630446,,,,,,
sc-2258368859,soundcloud,"L'impitoyable condamnation de la loi, une et indivisible",fr,2026-02-01,2992,,David Pelosi,default-rule,Épître de Jacques,,13,Jas.2.8-Jas.2.11,Jas,,sermon,False,,,,,2258368859,,,,,,
sc-2258331260,soundcloud,Dédicace du Temple : Christ notre lieu d'adoration,fr,2026-02-01,3443,,David Pelosi,title,,,,1Kgs.8.27,1Kgs,,sermon,False,,,,,2258331260,,,,,,
sc-2258129696,soundcloud,La foi authentique : les vraies affections religieuses,fr,2026-02-01,4082,,David Pelosi,default-rule,Épître aux Galates,,65,Gal.6.11-Gal.6.18,Gal,,sermon,False,,,,,2258129696,,,,,,
sc-2257818737,soundcloud,Introduction à l'Alliance de grâce dans le NT,fr,2026-01-31,3424,,David Pelosi,default-rule,Épître de Pierre,,1,1Pet.1.8-1Pet.1.13,1Pet,,sermon,False,,,,,2257818737,,,,,,
sc-2253830741,soundcloud,Un ultimatum au christianisme authentique,fr,2026-01-25,3417,,David Pelosi,default-rule,Épître aux Galates,,64,Gal.6.11-Gal.6.18,Gal,,sermon,False,,,,,2253830741,,,,,,
sc-2250429056,soundcloud,L'Alliance de grâce dans l'AT,fr,2026-01-19,3863,,David Pelosi,default-rule,Étude — Genèse,,12,Gen.3.9-Gen.3.24,Gen,,sermon,False,,,,,2250429056,,,,,,
sc-2250427724,soundcloud,Introduction à l'Alliance de Dieu,fr,2026-01-19,3599,,David Pelosi,default-rule,Étude — Genèse,,11,Gen.3.9-Gen.3.24,Gen,,sermon,False,,,,,2250427724,,,,,,
sc-2249668412,soundcloud,Ne nous laissons pas de faire le bien,fr,2026-01-18,4075,,David Pelosi,default-rule,Épître aux Galates,,63,Gal.6.9,Gal,,sermon,False,,,,,2249668412,,,,,,
sc-2223785435,soundcloud,La culpabilité et la pollution originelle,fr,2025-12-04,3655,,David Pelosi,default-rule,Épître aux Romains,,3,Rom.5.12-Rom.5.19,Rom,,sermon,False,,,,,2223785435,,,,,,
sc-2216419829,soundcloud,Christ en Melchisédech : le prêtre du Dieu Très-Haut,fr,2025-11-21,3837,,David Pelosi,default-rule,Épître aux Hébreux,,27,Heb.7.1,Heb,,sermon,False,,,,,2216419829,,,,,,
sc-2216417279,soundcloud,Le péché originel,fr,2025-11-21,3039,,David Pelosi,default-rule,Épître aux Romains,,2,Rom.5.12-Rom.5.19,Rom,,sermon,False,,,,,2216417279,,,,,,
sc-2210690636,soundcloud,La description biblique et confessionnelle de la chute de l'homme,fr,2025-11-11,3695,,David Pelosi,default-rule,Étude — Genèse,,10,Gen.3.9-Gen.3.24,Gen,,sermon,False,,,,,2210690636,,,,,,
sc-2210660165,soundcloud,La Loi du Christ : restaurer un frère avec douceur et humilité,fr,2025-11-11,3595,,David Pelosi,default-rule,Épître aux Galates,,62,Gal.5.26,Gal,,sermon,False,,,,,2210660165,,,,,,
sc-2205625143,soundcloud,Questions et Réponses,fr,2025-11-03,3196,,Nathanaël Fis,title,,,,,,,teaching_or_qa,False,,,,,2205625143,bDgLxV9HJ-w,,,,,
sc-2205619247,soundcloud,,fr,2025-11-03,3217,,David Pelosi,default-rule,,,,Lam,Lam,,sermon,False,,,,,2205619247,,,,,,
sc-2199484955,soundcloud,Fruit de l'Esprit : la tempérance,fr,2025-10-26,3750,,David Pelosi,default-rule,Fruit de l'Esprit,,3,Gal.5.22,Gal,,sermon,False,,,,,2199484955,,,,,,
sc-2193800499,soundcloud,Les conséquences du péché,fr,2025-10-19,3685,,David Pelosi,default-rule,Étude — Genèse,,9,Gen.3.7-Gen.3.24,Gen,,sermon,False,,,,,2193800499,,,,,,
sc-2193798131,soundcloud,Fruit de l'Esprit : fidélité et douceur,fr,2025-10-19,3671,,David Pelosi,default-rule,Fruit de l'Esprit,,2,Gal.5.22,Gal,Galates 5:22,sermon,False,,,"La prédication conclut la série sur le fruit de l'Esprit en Galates 5:22, en se concentrant sur la fidélité et la douceur (la tempérance étant reportée au dimanche suivant). Le prédicateur rappelle d'abord le contexte de la lettre aux Galates — la crise de division entre judaïsants et antinomiens — et explique que la solution passe par la conscience de la nouvelle nature reçue en Christ. Il développe ensuite la fidélité comme allégeance radicale à Christ proportionnelle à notre crainte de Dieu, et la douceur comme soumission volontaire fondée sur l'humiliation de l'Évangile, illustrée par les béatitudes et l'exemple de Christ lui-même.",data/catalog/transcripts/sc-2193798131.txt,2193798131,,Fruit de l'Esprit | Sanctification | Justification | Nouvelle nature | Fidélité | Douceur | Vie chrétienne,,,2 Timothée 2:10-13 | Matthieu 5:3-5 | Jacques 3:17-18 | Ésaïe 40,
sc-2188664595,soundcloud,"Fruit de l'Esprit : patience, benignité et bonté",fr,2025-10-12,3429,,David Pelosi,default-rule,Fruit de l'Esprit,,1,Gal.5.22,Gal,,sermon,False,,,,,2188664595,,,,,,
sc-2187560778,soundcloud,La tentation de notre Seigneur Jésus-Christ,fr,2025-10-10,3168,,David Pelosi,default-rule,Évangile de Matthieu,,2,Matt.4.1-Matt.4.11,Matt,,sermon,False,,,,,2187560778,,,,,,
sc-2183820587,soundcloud,La paix qui jaillit du Christ par l'Esprit,fr,2025-10-06,4075,,David Pelosi,default-rule,Épître aux Galates,,61,Gal.5.22,Gal,,sermon,False,,,,,2183820587,,,,,,
sc-2181893075,soundcloud,La chute de l'homme,fr,2025-10-03,4636,,David Pelosi,default-rule,Étude — Genèse,,8,Gen.3.1-Gen.3.8,Gen,,sermon,False,,,,,2181893075,,,,,,
sc-2178138930,soundcloud,La conception biblique de la paix de l'Esprit,fr,2025-09-28,3822,,David Pelosi,default-rule,Épître aux Galates,,60,Gal.5.22,Gal,,sermon,False,,,,,2178138930,,,,,,
sc-2177514024,soundcloud,L'état de Beatitude Initiale de l'homme,fr,2025-09-27,3545,,David Pelosi,default-rule,Étude — Genèse,,6,Gen.2,Gen,,sermon,False,,,,,2177514024,,,,,,
sc-2175501204,soundcloud,Evaluation des diacres,fr,2025-09-23,2783,,David Pelosi,default-rule,,,,,,,teaching_or_qa,False,,,,,2175501204,,,,,,
sc-2175500673,soundcloud,Formations des diacres : V - IX Ce qu'ils doivent faire,fr,2025-09-23,3591,,David Pelosi,default-rule,Formations des diacres,,3,,,,teaching_or_qa,False,,,,,2175500673,,,,,,
sc-2175498435,soundcloud,Formations des diacres : IV Ce qu'ils doivent être,fr,2025-09-23,5024,,David Pelosi,default-rule,Formations des diacres,,2,,,,teaching_or_qa,False,,,,,2175498435,,,,,,
sc-2175491502,soundcloud,Formations des diacres : I - III Serviteurs d'office,fr,2025-09-23,3489,,David Pelosi,default-rule,Formations des diacres,,1,,,,teaching_or_qa,False,,,,,2175491502,,,,,,
sc-2174499144,soundcloud,"Conversion authentique, embassadeurs responsables",fr,2025-09-22,4426,,David Pelosi,title,Actes des Apôtres,,4,Acts.8.29-Acts.8.40,Acts,,sermon,False,,,,,2174499144,,,,,,
sc-2173529298,soundcloud,Introduction á la chute de l'homme,fr,2025-09-19,3091,,David Pelosi,default-rule,Étude — Genèse,,7,Gen.3.1-Gen.3.8,Gen,,sermon,False,,,,,2173529298,,,,,,
sc-2170364553,soundcloud,L'évangélisation biblique,fr,2025-09-14,4022,,David Pelosi,title,Actes des Apôtres,,3,Acts.8.26-Acts.8.35,Acts,,sermon,False,,,,,2170364553,ch8YEPP3twE,,,,,
sc-2169824730,soundcloud,Aimer servir au lieu de craindre,fr,2025-09-13,2865,,David Pelosi,default-rule,,,,1John.4.7-1John.4.11,1John,,sermon,False,,,,,2169824730,,,,,,
sc-2167749627,soundcloud,La beauté de notre nouvelle naissance,fr,2025-09-09,3730,,David Pelosi,default-rule,Épître de Jacques,,4,Jas.1.16-Jas.1.18,Jas,,sermon,False,,,,,2167749627,,,,,,
sc-2167749246,soundcloud,Quand l'épreuve devient tentation,fr,2025-09-09,3529,,David Pelosi,default-rule,Épître de Jacques,,3,Jas.1.12-Jas.1.15,Jas,,sermon,False,,,,,2167749246,,,,,,
sc-2167748475,soundcloud,Le danger des richesses terrestres,fr,2025-09-09,3621,,David Pelosi,default-rule,Épître de Jacques,,2,Jas.1.9-Jas.1.11,Jas,,sermon,False,,,,,2167748475,,,,,,
sc-2167745982,soundcloud,La persévérance chrétienne,fr,2025-09-09,3500,,David Pelosi,default-rule,Épître de Jacques,,1,Jas.1.1-Jas.1.4,Jas,,sermon,False,,,,,2167745982,,,,,,
sc-2166477156,soundcloud,Être témoins de Christ,fr,2025-09-07,3153,,David Pelosi,title,Actes des Apôtres,,2,Acts.8.26-Acts.8.35,Acts,Actes 8:26-35,sermon,False,Témoigner de Christ n'est pas une option pour le chrétien — c'est le sens même de sa vie de ce côté de la gloire.,Cette prédication sur Actes 8 repose une question que l'on esquive facilement : suis-je vraiment un témoin de Jésus-Christ ? David Pelosi examine le modèle de Philippe avec l'eunuque éthiopien pour montrer ce que l'évangélisation biblique est — et n'est pas. Une prédication utile autant pour clarifier sa propre foi que pour repenser sa pratique du témoignage.,"À partir d'Actes 8.26–35, le prédicateur montre que la conversion authentique de l'eunuque éthiopien est le fruit d'une évangélisation véritablement biblique, portée par un Philippe soumis à la direction du Saint-Esprit. Il souligne que témoigner de Christ est la vocation première de tout chrétien, et que ce témoignage suppose une proclamation explicite de Jésus-Christ à partir de l'Écriture, non une simple amélioration de vie. La prédication s'inscrit dans le fil conducteur du livre des Actes : l'Évangile qui avance, à travers des instruments ordinaires, jusqu'aux extrémités de la terre.",data/catalog/transcripts/sc-2166477156.txt,2166477156,,Évangélisation | Témoignage chrétien | Conversion authentique | Pneumatologie | Mission mondiale | Souveraineté de Dieu dans le salut | Herméneutique christocentrique | Actes des Apôtres,"Le contraste entre la fausse conversion de Simon le magicien et la conversion authentique de l'eunuque illustre l'enjeu d'une évangélisation fidèle. | Actes 1.8 pose le cadre : recevoir le Saint-Esprit, c'est être témoin de Christ — une vocation pour tous les chrétiens, pas seulement pour des professionnels. | Philippe est un modèle de soumission prompte et sacrificielle à la direction du Seigneur, quittant un ministère spectaculaire pour aller au désert. | La soumission au Saint-Esprit n'est pas passive : elle se traduit par une disponibilité intentionnelle et ordinaire à saisir les occasions d'évangélisation. | L'évangélisation authentique consiste à annoncer Christ à partir de l'Écriture — ici Ésaïe 53 — et non à proposer un Jésus qui améliore la vie. | La vraie conversion naît d'une vraie évangélisation : jusqu'à ce que Christ soit clairement annoncé selon l'Écriture, il n'y a pas encore eu évangélisation.",Tertullien | Lloyd-Jones | Jean Calvin | Jonathan Edwards,Actes 1:8 | Actes 6 | Actes 8:1-25 | Ésaïe 53 | Éphésiens 5-6 | Matthieu 28:18-20,En quoi la distinction entre Simon le magicien et l'eunuque éthiopien nous aide-t-elle à évaluer honnêtement notre propre conversion ? | Quels sacrifices concrets la soumission à Christ comme Seigneur devrait-elle produire dans notre agenda quotidien pour l'évangélisation ? | Quelle est la différence entre 'parler de Jésus' et 'annoncer Christ à partir de l'Écriture' ? Comment cela change-t-il notre manière de partager l'Évangile ? | Comment cultiver une sensibilité à la direction du Saint-Esprit tout en restant ancré dans les orientations claires de la Parole ?
sc-2163682815,soundcloud,Comment Dieu est glorifié dans notre repentance ?,fr,2025-09-02,2533,,David Pelosi,default-rule,Étude — Ézéchiel,,9,Ezek.6.9-Ezek.6.10,Ezek,,sermon,False,,,,,2163682815,,,,,,
sc-2158843905,soundcloud,Favoritisme : incohérent avec les principes de l'Evangile,fr,2025-08-25,3637,,David Pelosi,default-rule,Épître de Jacques,,12,Jas.2.6-Jas.2.7,Jas,,sermon,False,,,,,2158843905,Bx5Z25JOL1Q,,,,,
sc-2158843158,soundcloud,Favoritisme : incompatible avec Dieu et son peuple,fr,2025-08-25,3058,,David Pelosi,default-rule,Épître de Jacques,,11,Jas.2.5,Jas,,sermon,False,,,,,2158843158,E1yHe_-wugw,,,,,
sc-2151088524,soundcloud,L'origine ténébreuse du favoritisme,fr,2025-08-10,2982,,David Pelosi,default-rule,Épître de Jacques,,10,Jas.2.1-Jas.2.4,Jas,,sermon,False,,,,,2151088524,0gx_6KBQMXc,,,,,
sc-2151088182,soundcloud,,fr,2025-08-10,3072,,David Pelosi,default-rule,Étude — Ézéchiel,,8,Ezek.6.7-Ezek.6.10,Ezek,,sermon,False,,,,,2151088182,,,,,,
sc-2151087165,soundcloud,La réponse biblique à l'estime de soi,fr,2025-08-10,4219,,David Pelosi,default-rule,,,,2Cor.12.7-2Cor.12.10,2Cor,,sermon,False,,,,,2151087165,,,,,,
sc-2151086655,soundcloud,De quoi avons nous besoin ?,fr,2025-08-10,2764,,David Pelosi,default-rule,Étude — Psaumes,,2,Ps.6.1-Ps.6.10,Ps,,sermon,False,,,,,2151086655,,,,,,
sc-2137660878,soundcloud,La destruction des idoles et des idolâtres,fr,2025-07-28,3708,,David Pelosi,default-rule,Étude — Ézéchiel,,7,Ezek.6.1-Ezek.6.7,Ezek,,sermon,False,,,,,2137660878,,,,,,
sc-2136840354,soundcloud,"La peur d'être exposé, rejeté et blessé",fr,2025-07-26,3915,,David Pelosi,default-rule,,,,Isa.53.4-Isa.53.5,Isa,,sermon,False,,,,,2136840354,,,,,,
sc-2133657198,soundcloud,"Israël, un sujet d'opprobre et d'effroi et ce qu'il nous enseigne",fr,2025-07-21,3715,,David Pelosi,default-rule,Étude — Ézéchiel,,6,Ezek.5.13-Ezek.5.17,Ezek,,sermon,False,,,,,2133657198,,,,,,
sc-2133651906,soundcloud,Nouvelle naissance : œuvre souveraine de Dieu,fr,2025-07-21,2841,,David Pelosi,default-rule,Évangile de Jean,,2,John.3.1-John.3.10,John,,sermon,False,,,,,2133651906,,,,,,
sc-2128572861,soundcloud,La Crainte de Dieu,fr,2025-07-11,2440,,David Pelosi,default-rule,Étude — Psaumes,,3,Ps.31.20,Ps,,sermon,False,,,,,2128572861,,,,,,
sc-2124804168,soundcloud,La crainte de l'homme,fr,2025-07-04,3596,,David Pelosi,default-rule,,,,Prov.29.25,Prov,,sermon,False,,,,,2124804168,,,,,,
sc-2121638127,soundcloud,Jésus : le vrai sacerdoce selon les Écritures,fr,2025-06-29,3665,,David Pelosi,default-rule,Épître aux Hébreux,,26,Heb.6.20,Heb,,sermon,False,,,,,2121638127,,,,,,
sc-2120998923,soundcloud,Questions et Réponses | La Providence de Dieu,fr,2025-06-28,3775,,David Pelosi,default-rule,,,,,,,teaching_or_qa,False,,,,,2120998923,AlWPMu-OBqo,,,,,
sc-2117744874,soundcloud,Joie chrétienne : l'adoration du Père qui pourvoit,fr,2025-06-22,4006,,David Pelosi,default-rule,Joie chrétienne,,5,Phil.4.18-Phil.4.20,Phil,Philippiens 4:18-20,sermon,False,,,"Le prédicateur médite Philippiens 4.18-20 dans le cadre d'une série sur les sources de la joie chrétienne pendant le pèlerinage terrestre. Il montre que les dons offerts aux ministres de l'Évangile constituent une véritable adoration, comparables aux offrandes les plus agréables à Dieu dans l'Ancien Testament, et appelle l'Église à une maturité missionnaire généreuse. La prédication se conclut sur la grande promesse de Philippiens 4.19 : Dieu, notre Père céleste, pourvoira à tous nos besoins selon ses richesses avec gloire en Jésus-Christ, suscitant une doxologie d'adoration.",data/catalog/transcripts/sc-2117744874.txt,2117744874,,Joie chrétienne | Mission et implantation d'églises | Soutien des ministres de l'Évangile | Contentement chrétien | Providence divine | Adoration et offrandes | Vie communautaire de l'Église,,,Philippiens 3 | Philippiens 4:1-23 | Matthieu 6:33 | Matthieu 10:40 | Matthieu 25:40,
sc-2117114544,soundcloud,La Providence de Dieu centrée sur Christ,fr,2025-06-21,3307,,David Pelosi,default-rule,Épître aux Éphésiens,,4,Eph.1.3-Eph.1.14,Eph,,sermon,False,,,,,2117114544,,,,,,
sc-2113855248,soundcloud,Les degrés et difficultés de la Providence de Dieu,fr,2025-06-15,3113,,David Pelosi,default-rule,Épître aux Colossiens,,4,Col.1.15-Col.1.19,Col,,sermon,False,,,,,2113855248,,,,,,
sc-2113848477,soundcloud,Joie chrétienne : maturité missionaire d'une Église,fr,2025-06-15,3775,,David Pelosi,default-rule,Joie chrétienne,,4,Phil.4.14-Phil.4.17,Phil,,sermon,False,,,,,2113848477,,,,,,
sc-2111905611,soundcloud,Joie chrétienne : générosité envers les ministres de l'évangile,fr,2025-06-12,3749,,David Pelosi,default-rule,Joie chrétienne,,3,Phil.4.10-Phil.4.13,Phil,,sermon,False,,,,,2111905611,,,,,,
sc-2106554973,soundcloud,Les deux différentes voies des hommes selon La Parole,fr,2025-06-02,3620,,Stephan Kongo,title,Étude — Psaumes,,1,Ps.1,Ps,Psaumes 1,sermon,False,"Deux voies, une seule issue : le Psaume 1 pose la question fondamentale de chaque vie humaine — de quel côté se tient-on devant Dieu ?","Le Psaume 1 est court, mais il trace en quelques versets la ligne de partage de toute existence humaine. Cette prédication prend le temps de déplier ce contraste classique sans l'édulcorer : qu'est-ce que le vrai bonheur selon Dieu, et que révèle la vie sans lui ? Un message sobre et direct, qui invite à l'examen personnel autant qu'à l'action de grâce.","Le Psaume 1 présente deux voies opposées : l'homme heureux qui trouve son plaisir dans la loi de l'Éternel, comparé à un arbre transplanté près d'un courant d'eau, et le méchant semblable à la paille que le vent dissipe. Le prédicateur insiste sur le fait que ce bonheur n'est pas l'absence de difficulté, mais un contentement appris en Dieu — comme Paul le décrit en Philippiens 4. Le psaume se conclut sur les destinées parallèles des justes et des impies, rappelant que l'Éternel connaît la voie des justes tandis que celle des méchants mène à la ruine.",data/catalog/transcripts/sc-2106554973.txt,2106554973,,Psaumes de sagesse | Anthropologie biblique | Sanctification | Bonheur selon Dieu | Méditation de la Parole | Jugement divin | Persévérance des saints | Les deux voies,"Le Psaume 1 est une introduction à tout le psautier et un condensé de l'histoire de l'humanité depuis la chute. | L'homme heureux n'est pas celui que les circonstances favorisent, mais celui dont les racines puisent en Dieu comme un arbre planté près d'un courant d'eau. | Ce bonheur implique de ne pas marcher selon le conseil des méchants, ni de s'arrêter sur la voie des pécheurs, ni de s'asseoir en compagnie des moqueurs. | Méditer la Parole jour et nuit est une discipline active — lire, étudier, mémoriser, intérioriser — qui façonne la pensée et la conduite. | Le méchant est comme la paille que le vent dissipe : sans consistance, sans paix, et sans perspective au-delà du jugement. | L'Éternel connaît la voie des justes : la conclusion du psaume est un appel à vivre dans l'attente de Christ, sans tache et irrépréhensibles.",Paul (Philippiens 4.11-13) | Jérémie 17.7-8 | Josué 1.8 | 2 Pierre 3 | Romains 1.28-32 | Matthieu 7.13-14,Philippiens 4.11-13 | Philippiens 4.6-7 | Jérémie 17.7-8 | Josué 1.8 | Romains 1.28-32 | 2 Pierre 3.3-14 | Matthieu 7.13-14 | 1 Rois 21 (Akab et Jézabel),"En quoi votre façon de réagir aux difficultés révèle-t-elle où sont réellement vos racines — dans le courant d'eau qu'est Christ ou ailleurs ? | Quelles sont les formes concrètes du 'conseil des impies' auxquelles vous êtes le plus exposé, et comment y résistez-vous ? | Le prédicateur distingue lire, étudier, mémoriser et méditer la Parole. Laquelle de ces pratiques est la plus négligée dans votre vie, et pourquoi ? | Comment l'action de grâce — même dans la disette — peut-elle devenir une discipline spirituelle plutôt qu'un simple sentiment ?"
sc-2104182597,soundcloud,La définition de la Providence de Dieu,fr,2025-05-29,3027,,David Pelosi,default-rule,,,,,,,sermon,False,,,,,2104182597,,,,,,
sc-2104141731,soundcloud,Joie Chrétienne : contentement en toute circonstance,fr,2025-05-29,4211,,David Pelosi,default-rule,Joie chrétienne,,2,Phil.4.4-Phil.4.9,Phil,,sermon,False,,,,,2104141731,,,,,,
sc-2098900806,soundcloud,"Joie Chrétienne : fraternité, prière, et sainteté",fr,2025-05-20,4410,,David Pelosi,default-rule,Joie chrétienne,,1,Phil.4.2,Phil,,sermon,False,,,,,2098900806,,,,,,
sc-2091255438,soundcloud,Le jugement de Dieu sur Israël pour avoir souillé le sanctuaire,fr,2025-05-06,3822,,David Pelosi,default-rule,Étude — Ézéchiel,,5,Ezek.5.11-Ezek.5.13,Ezek,,sermon,False,,,,,2091255438,,,,,,
sc-2088231870,soundcloud,Être l'aide en Dieu : Pour l'Église,fr,2025-05-01,2783,,David Pelosi,default-rule,Être l'aide en Dieu,,3,,,,sermon,False,,,,,2088231870,,,,,,
sc-2088230982,soundcloud,Être l'aide en Dieu : Pour le ministre,fr,2025-05-01,2933,,David Pelosi,default-rule,Être l'aide en Dieu,,2,,,,sermon,False,,,,,2088230982,,,,,,
sc-2088230604,soundcloud,Être l'aide en Dieu : Pour le mari et le père,fr,2025-05-01,2799,,David Pelosi,default-rule,Être l'aide en Dieu,,1,,,,sermon,False,,,,,2088230604,,,,,,
sc-2082409164,soundcloud,Le fondement ultime de notre espérance,fr,2025-04-21,4122,,David Pelosi,default-rule,Épître aux Hébreux,,25,Heb.6.20,Heb,,sermon,False,,,,,2082409164,9ViOL-rIG1c,,,,,
sc-2077749968,soundcloud,La Joie de l'Esprit,fr,2025-04-13,3737,,David Pelosi,default-rule,Épître aux Galates,,59,Gal.5.22,Gal,,sermon,False,,,,,2077749968,,,,,,
sc-2077120036,soundcloud,Confession de foi,fr,2025-04-12,2908,,David Pelosi,default-rule,Épître aux Colossiens,9,1,Col.1.9-Col.1.20,Col,,sermon,False,,,,,2077120036,,,,,,
sc-2072182164,soundcloud,La Joie de l'Esprit : une vertu distinctive du croyant,fr,2025-04-06,3471,,David Pelosi,default-rule,Épître aux Galates,,58,Gal.5.22,Gal,,sermon,False,,,,,2072182164,,,,,,
sc-2067280192,soundcloud,Enracinés dans l'amour de Christ et fructifier l'amour de Christ,fr,2025-03-31,4387,,David Pelosi,default-rule,Épître aux Galates,,57,Gal.5.22,Gal,,sermon,False,,,,,2067280192,,,,,,
sc-2061671560,soundcloud,"L'Amour, la vertu capitale du fruit de l'Esprit",fr,2025-03-24,3891,,David Pelosi,default-rule,Épître aux Galates,,56,Gal.5.22,Gal,,sermon,False,,,,,2061671560,,,,,,
sc-2060412908,soundcloud,Les quatre états de l'image de Dieu chez l'homme,fr,2025-03-22,3711,,David Pelosi,default-rule,Épître aux Colossiens,,5,Col.3.1-Col.3.11,Col,,sermon,False,,,,,2060412908,,,,,,
sc-2060162440,soundcloud,"Le fruit de l'Esprit cultivé sous l'épreuve : la discipline, la tribulation et le témoignage",fr,2025-03-21,4168,,David Pelosi,default-rule,Épître aux Galates,,55,Gal.5.22-Gal.5.26,Gal,,sermon,False,,,,,2060162440,,,,,,
sc-2054926060,soundcloud,Image de Dieu : être et fonction,fr,2025-03-15,3550,,David Pelosi,default-rule,Étude — Genèse,,5,Gen.1.26-Gen.2.3,Gen,,sermon,False,,,,,2054926060,,,,,,
sc-2053267620,soundcloud,Le fruit de l'Esprit et les moyens de Grâce,fr,2025-03-13,3569,,David Pelosi,default-rule,Épître aux Galates,,54,Gal.5.22-Gal.5.26,Gal,,sermon,False,,,,,2053267620,dU-aDP5rMBc,,,,,
sc-2053265520,soundcloud,Le caractère cultivable du fruit,fr,2025-03-13,3832,,David Pelosi,default-rule,Épître aux Galates,,42,Gal.5.16-Gal.5.26,Gal,,sermon,False,,,,,2053265520,k2Ni-szTzyk,,,,,
sc-2053260992,soundcloud,L'image de Dieu au coeur de l'anthropologie,fr,2025-03-13,3421,,David Pelosi,default-rule,Étude — Genèse,6,4,Gen.1.26-Gen.1.31,Gen,,sermon,False,,,,,2053260992,,,,,,
sc-2043159028,soundcloud,,fr,2025-02-27,3369,,David Pelosi,default-rule,Étude — Ézéchiel,,3,Ezek.5.5,Ezek,,sermon,False,,,,,2043159028,,,,,,
sc-2039466084,soundcloud,Assurance perpétuelle : L'Esprit de Dieu chez le croyant,fr,2025-02-21,3620,,David Pelosi,default-rule,Épître aux Galates,,41,Gal.5.16-Gal.5.26,Gal,,sermon,False,,,,,2039466084,QhdOXa4UQ5s,,,,,
sc-2039462392,soundcloud,L'image de Dieu au coeur de l'anthropologie,fr,2025-02-21,3180,,David Pelosi,default-rule,Étude — Genèse,5,3,Gen.1.26-Gen.1.31,Gen,,sermon,False,,,,,2039462392,,,,,,
sc-2039458940,soundcloud,Les caractéristiques des fruits de l'Esprit,fr,2025-02-21,3984,,David Pelosi,default-rule,Épître aux Galates,,40,Gal.5.16-Gal.5.26,Gal,,sermon,False,,,,,2039458940,,,,,,
sc-2039455192,soundcloud,La création de l'homme,fr,2025-02-21,3767,,David Pelosi,default-rule,Étude — Genèse,4,2,Gen.1.26-Gen.1.31,Gen,,sermon,False,,,,,2039455192,,,,,,
sc-2024353268,soundcloud,Introduction au fruit de l'Esprit,fr,2025-02-02,3273,,David Pelosi,default-rule,Épître aux Galates,,38,Gal.5.13-Gal.5.26,Gal,,sermon,False,,,,,2024353268,,,,,,
sc-2020464289,soundcloud,Noël le plus glorieux des mystères : Dieu en chair élevé dans la gloire,fr,2025-01-28,4217,,David Pelosi,default-rule,Noël le plus glorieux des mystères,,4,1Tim.3.14-1Tim.3.16,1Tim,,sermon,False,,,,,2020464289,,,,,,
sc-2018139389,soundcloud,Confession de foi | Genèse 1 : 1 - 5,fr,2025-01-25,3446,,David Pelosi,default-rule,Confession de foi | Genèse 1,3,3,Gen.1.1-Gen.1.5,Gen,,sermon,False,,,,,2018139389,,,,,,
sc-2012677347,soundcloud,Noël le plus glorieux des mystères : Dieu en chair cru dans le monde,fr,2025-01-19,3752,,David Pelosi,default-rule,Noël le plus glorieux des mystères,,3,1Tim.3.14-1Tim.3.16,1Tim,,sermon,False,,,,,2012677347,,,,,,
sc-2011866255,soundcloud,Confession de foi | Genèse 1 : 1 - 5,fr,2025-01-18,4187,,David Pelosi,default-rule,Confession de foi | Genèse 1,2,2,Gen.1.1-Gen.1.5,Gen,,sermon,False,,,,,2011866255,,,,,,
sc-2007594779,soundcloud,Noël le plus glorieux des mystères : Dieu en chair proclamé aux païens,fr,2025-01-12,3615,,David Pelosi,default-rule,Noël le plus glorieux des mystères,,2,1Tim.3.14-1Tim.3.16,1Tim,1 Timothée 3:14-16,sermon,False,,,"Le prédicateur médite sur 1 Timothée 3:14-16 dans le cadre d'une série de Noël, en se concentrant sur la sixième facette du credo apostolique : l'évangile 'prêché aux gentils' comme preuve incontestable de l'incarnation de Dieu en chair. Il montre que ce mystère de la piété — manifestation, justification, témoignage angélique, proclamation aux nations, foi et glorification du Christ — définit l'identité, la mission et la joie de l'Église. L'appel pratique est de renouveler pour 2025 la conviction ferme dans ces mystères révélés, de les confesser publiquement avec joie et de proclamer l'évangile avec l'onction du Saint-Esprit à toutes les nations.",data/catalog/transcripts/sc-2007594779.txt,2007594779,,Incarnation | Mystère de la piété | Mission et évangélisation | Proclamation de l'Évangile | Identité et mission de l'Église | Résolutions chrétiennes / Nouvel An | Témoignage et martyrs,,,Galates 3:8 | Romains 1:1-4 | Romains 15:8-9 | Actes 3:25-26 | Actes 13 | Éphésiens 2:14-16 | Éphésiens 3:1-6 | Luc 24:46-47 | Matthieu 24:14 | Matthieu 28:18-20 | 2 Corinthiens 5:17-21,
sc-2006543831,soundcloud,Confession de foi | Genèse 1 : 1 - 5,fr,2025-01-11,3434,,David Pelosi,default-rule,Confession de foi | Genèse 1,,1,Gen.1.1-Gen.1.5,Gen,,sermon,False,,,,,2006543831,,,,,,
sc-2002238743,soundcloud,Noël le plus glorieux des mystères : Dieu en chair vu par les anges,fr,2025-01-06,3761,,David Pelosi,default-rule,Noël le plus glorieux des mystères,,1,1Tim.3.14-1Tim.3.16,1Tim,,sermon,False,,,,,2002238743,,,,,,
sc-1996734623,soundcloud,Le triomphe de Christ dans le cœur des enfants de Dieu,fr,2024-12-29,3215,,Christian Bouedjoro,title,Évangile de Jean,,1,John.1.1-John.1.13,John,Jean 1:6-13,sermon,False,La lumière de Christ a percé le cœur de pierre des pécheurs : voilà le triomphe que Jean 1 nous invite à contempler.,"Ce sermon explore l'un des passages les plus denses du prologue de Jean : pourquoi le monde a rejeté la lumière, ce que signifie vraiment croire en Christ, et comment Dieu seul opère la nouvelle naissance. Christian Bouedjoro tisse ensemble doctrine du péché originel, nature de la foi salvatrice et souveraineté de la grâce divine. Une prédication rigoureuse qui débouche sur une invitation concrète à l'assurance et au témoignage.","En parcourant Jean 1.6-13, le prédicateur montre que Jean Baptiste est le témoin fidèle de la lumière, que le monde — juifs et non-juifs — a rejeté cette lumière en raison d'une nature corrompue héritée d'Adam, et que c'est pourtant la grâce souveraine de Dieu seul qui triomphe des ténèbres pour faire des croyants des enfants de Dieu. La foi salvatrice y est définie avec précision : connaissance, assentiment, confiance personnelle et affection renouvelée par l'Esprit. Le sermon s'achève par un appel à la repentance pour les incroyants et à l'assurance joyeuse pour les croyants.",data/catalog/transcripts/sc-1996734623.txt,1996734623,,Christologie | Incarnation | Péché originel | Dépravation totale | Régénération | Foi salvatrice | Adoption filiale | Grâce souveraine,"Jean Baptiste, témoin fidèle, distingue la chandelle (lui-même) du Soleil de justice (Christ) ; la lumière éclaire tout homme mais le monde l'a rejetée sans excuse. | Le rejet du monde s'explique par le péché originel : nature corrompue héritée d'Adam, volonté enchaînée, incapacité totale à se tourner vers Dieu de soi-même. | L'hostilité des 'siens' (Israël) culmine à la croix, mais tous les peuples y étaient représentés ; nul n'est sans excuse. | La foi salvatrice comporte quatre dimensions : connaissance du contenu, assentiment intellectuel, confiance personnelle en Christ, et affection renouvelée par le Saint-Esprit. | La nouvelle naissance est entièrement l'œuvre de Dieu : ni sang, ni volonté de la chair, ni volonté de l'homme, mais de Dieu seul (Jn 1.13). | Les croyants reçoivent le privilège de l'adoption filiale et sont appelés à témoigner fidèlement de l'évangile.",A.W. Tozer | Grégoire de Nazianze,Jean 1:1-5 | Jean 1:14 | Jean 8:12 | Romains 1:20-21 | Éphésiens 2:1-8 | 1 Corinthiens 2:11-14 | Ésaïe 53:4-7 | Actes 4:27-28 | Proverbes 28:1 | 2 Corinthiens 5:20,"En quoi la doctrine du péché originel (nature corrompue, volonté enchaînée) change-t-elle notre façon de comprendre l'évangélisation et nos attentes face aux refus ? | Quelles sont les quatre dimensions de la foi salvatrice présentées dans ce sermon, et laquelle vous semble la plus souvent négligée dans votre milieu ? | Comment l'assurance d'être enfant de Dieu devrait-elle influencer concrètement votre vie quotidienne et votre témoignage ? | Si c'est Dieu seul qui opère la nouvelle naissance, pourquoi est-il encore urgent de proclamer l'évangile avec empressement ?"
sc-1992138231,soundcloud,"Noël, le plus glorieux des mystères : Dieu en chair justifié par l'Esprit",fr,2024-12-22,3637,,David Pelosi,default-rule,Épître à Timothée,,2,1Tim.3.14-1Tim.3.16,1Tim,,sermon,False,,,,,1992138231,,,,,,
sc-1986279755,soundcloud,"Noël, le plus glorieux des mystères : Dieu manifesté en chair",fr,2024-12-16,3244,,David Pelosi,default-rule,Épître à Timothée,,1,1Tim.3.14-1Tim.3.16,1Tim,,sermon,False,,,,,1986279755,,,,,,
sc-1976866735,soundcloud,La Loi n'est pas contraire aux promesses,fr,2024-12-08,3981,,David Pelosi,default-rule,Épître aux Galates,,37,Gal.3.21,Gal,,sermon,False,,,,,1976866735,,,,,,
sc-1976810775,soundcloud,La Grâce de la loi : les transgressions,fr,2024-12-08,4061,,David Pelosi,default-rule,Épître aux Galates,,36,Gal.3.19,Gal,,sermon,False,,,,,1976810775,,,,,,
sc-1976793323,soundcloud,L'Alliance de grâce éternelle au sein de La Trinité,fr,2024-12-08,3886,,David Pelosi,default-rule,Épître aux Galates,,35,Gal.3.15,Gal,,sermon,False,,,,,1976793323,,,,,,
sc-1976723199,soundcloud,Christ la nourriture suprême de l'âme,fr,2024-12-08,4143,,David Pelosi,default-rule,Épître aux Galates,,53,Gal.5.21,Gal,,sermon,False,,,,,1976723199,,,,,,
sc-1976072175,soundcloud,Christ notre Justice,fr,2024-12-07,4241,,David Pelosi,default-rule,Épître aux Galates,,34,Gal.3.14,Gal,,sermon,False,,,,,1976072175,,,,,,
sc-1976035711,soundcloud,Christ fait Malédiction,fr,2024-12-07,3663,,David Pelosi,default-rule,Épître aux Galates,2,33,Gal.3.13,Gal,,sermon,False,,,,,1976035711,,,,,,
sc-1976021207,soundcloud,,fr,2024-12-07,3397,,David Pelosi,default-rule,Épître aux Galates,1,32,Gal.3.13,Gal,,sermon,False,,,,,1976021207,,,,,,
sc-1976014023,soundcloud,,fr,2024-12-07,3664,,David Pelosi,default-rule,Épître aux Galates,,31,Gal.3.10,Gal,,sermon,False,,,,,1976014023,,,,,,
sc-1976000211,soundcloud,,fr,2024-12-07,3391,,David Pelosi,default-rule,Épître aux Galates,,30,Gal.3.5,Gal,,sermon,False,,,,,1976000211,,,,,,
sc-1975793171,soundcloud,Les œuvres et artifices des anges déchus,fr,2024-12-07,3771,,David Pelosi,default-rule,Évangile de Marc,,1,Mark.1.9-Mark.1.28,Mark,,sermon,False,,,,,1975793171,,,,,,
sc-1973493847,soundcloud,,fr,2024-12-04,3195,,David Pelosi,default-rule,Épître aux Galates,,29,Gal.3.5,Gal,,sermon,False,,,,,1973493847,,,,,,
sc-1972184391,soundcloud,,fr,2024-12-02,3351,,David Pelosi,default-rule,Épître aux Galates,,28,Gal.3.5,Gal,,sermon,False,,,,,1972184391,,,,,,
sc-1972171667,soundcloud,,fr,2024-12-02,3394,,David Pelosi,default-rule,Épître aux Galates,,27,Gal.3.5,Gal,,sermon,False,,,,,1972171667,,,,,,
sc-1972164591,soundcloud,,fr,2024-12-02,3673,,David Pelosi,default-rule,Épître aux Galates,3,26,Gal.3.1,Gal,,sermon,False,,,,,1972164591,,,,,,
sc-1972155759,soundcloud,,fr,2024-12-02,3758,,David Pelosi,default-rule,Épître aux Galates,2,25,Gal.3.1,Gal,,sermon,False,,,,,1972155759,,,,,,
sc-1972155507,soundcloud,L'intempérance : plutôt un péché qu'une maladie,fr,2024-12-02,4067,,David Pelosi,default-rule,Épître aux Galates,,52,Gal.5.21,Gal,,sermon,False,,,,,1972155507,,,,,,
sc-1972147783,soundcloud,,fr,2024-12-02,4275,,David Pelosi,default-rule,Épître aux Galates,1,24,Gal.3.1,Gal,,sermon,False,,,,,1972147783,,,,,,
sc-1972127991,soundcloud,,fr,2024-12-02,3580,,David Pelosi,default-rule,Épître aux Galates,,23,Gal.3.1,Gal,,sermon,False,,,,,1972127991,,,,,,
sc-1972060643,soundcloud,,fr,2024-12-02,4008,,David Pelosi,default-rule,Épître aux Galates,,22,Gal.2.17,Gal,,sermon,False,,,,,1972060643,,,,,,
sc-1971895351,soundcloud,,fr,2024-12-02,3434,,David Pelosi,default-rule,Épître aux Galates,,21,Gal.2.17,Gal,,sermon,False,,,,,1971895351,,,,,,
sc-1971776595,soundcloud,Galates Ch. 2 v 15 à 16,fr,2024-12-02,3690,,David Pelosi,default-rule,Épître aux Galates,2,20,Gal.2.15,Gal,,sermon,False,,,,,1971776595,,,,,,
sc-1970210631,soundcloud,L'état originel et la chute de Satan,fr,2024-11-29,3918,,David Pelosi,default-rule,Évangile de Luc,,3,Luke.10.17-Luke.10.24,Luke,,sermon,False,,,,,1970210631,,,,,,
sc-1966143915,soundcloud,L'ancre de l'âme,fr,2024-11-24,3367,,David Pelosi,default-rule,Épître aux Hébreux,,24,Heb.6.19,Heb,,sermon,False,,,,,1966143915,,,,,,
sc-1965241527,soundcloud,Introduction aux anges déchus,fr,2024-11-23,3156,,David Pelosi,default-rule,Évangile de Luc,,2,Luke.10.17-Luke.10.24,Luke,,sermon,False,,,,,1965241527,,,,,,
sc-1960833719,soundcloud,Notre inimitié expiée à la croix,fr,2024-11-18,4306,,David Pelosi,default-rule,Épître aux Galates,,51,Gal.5.20,Gal,,sermon,False,,,,,1960833719,,,,,,
sc-1959631311,soundcloud,L'occupation des anges élus,fr,2024-11-16,3236,,David Pelosi,default-rule,,,,Rev.5.8-Rev.5.14,Rev,,sermon,False,,,,,1959631311,,,,,,
sc-1954725199,soundcloud,L'origine et nature des anges,fr,2024-11-10,3256,,David Pelosi,default-rule,Épître aux Hébreux,,1,Heb.1.1-Heb.1.14,Heb,,sermon,False,,,,,1954725199,,,,,,
sc-1954723351,soundcloud,L'aspect abominable de l'inimitié,fr,2024-11-10,3750,,David Pelosi,default-rule,Épître aux Galates,,50,Gal.5.20,Gal,,sermon,False,,,,,1954723351,,,,,,
sc-1949030511,soundcloud,Les manifestations variables de l'inimitié,fr,2024-11-04,3934,,David Pelosi,default-rule,Épître aux Galates,,49,Gal.5.20,Gal,,sermon,False,,,,,1949030511,,,,,,
sc-1947861891,soundcloud,La lecture naturelle de la création,fr,2024-11-02,3009,,David Pelosi,default-rule,Étude — Genèse,,1,Gen.1.1-Gen.2.3,Gen,Genèse 1:1-2:3,sermon,False,,,"Cette leçon introduit le chapitre 4 de la confession de foi baptiste réformée consacré à la création. Le prédicateur défend une lecture naturelle et littérale de Genèse 1:1–2:3, soulignant que les six jours de création doivent être compris comme des jours ordinaires de 24 heures, conformément à l'interprétation historique de l'Église et aux références intra-bibliques du Christ et des apôtres. Il s'oppose aux tentatives d'accommoder le texte à la théorie de l'évolution, insistant sur la création ex nihilo, la création selon les espèces, et la place centrale de l'être humain comme image de Dieu et couronne de la création.",data/catalog/transcripts/sc-1947861891.txt,1947861891,,Création | Herméneutique | Image de Dieu | Anthropologie biblique | Confession de foi | Perspicuité des Écritures | Sabbat,,,Genèse 2:1-3 | Marc 10 | Exode 20 | Hébreux 11 | Psaumes 8,
sc-1943259707,soundcloud,Vivre pour la gloire de Dieu,fr,2024-10-27,3404,,David Pelosi,title,Épître aux Romains,,4,Rom.11.32-Rom.11.36,Rom,Romains 11:32-36,sermon,False,Contempler la gloire de Dieu n'est pas une fin en soi — c'est le moteur inévitable d'une vie entièrement vécue pour sa gloire.,"Cette prédication explore le lien entre la vraie connaissance de Dieu et la manière dont elle transforme concrètement l'existence chrétienne. À partir de Romains 11.32-36, David Pelosi retrace le mouvement qui va de la doctrine à l'adoration, et de l'adoration à une vie offerte pour la gloire de Dieu seul. Une réflexion ancrée dans la Réforme protestante qui invite à examiner ce qui occupe vraiment la place de Dieu dans nos cœurs.","À partir de la doxologie de Romains 11.32-36, David Pelosi montre que la gloire de Dieu est à la fois le fondement et la fin d'une vie chrétienne authentique. Il établit que l'idolâtrie — racine de tout péché — ne peut être brisée que par une révélation salvatrice de Dieu en Jésus-Christ, qui seule produit l'adoration véritable. Cette adoration déborde alors inévitablement dans une vie intentionnellement vécue pour la gloire de Dieu dans toutes les sphères de l'existence.",data/catalog/transcripts/sc-1943259707.txt,1943259707,,Théologie de la gloire | Sola Deo Gloria | Adoration et doctrine | Idolâtrie | Réforme protestante | Sotériologie | Vocation chrétienne | Vie chrétienne pratique,"Le sola Deo Gloria de la Réforme ne se réduit pas à purifier le culte extérieur ; il vise la contemplation du vrai Dieu conduisant à vivre pour sa gloire. | La gloire de Dieu est le fondement ontologique de toute existence : 'de lui, par lui et pour lui sont toutes choses' est d'abord un constat avant d'être une exhortation. | L'idolâtrie est la racine de tout péché et l'antonyme de l'adoration ; le cœur humain est une 'fabrique d'idoles' incapable de s'en délivrer seul. | C'est la révélation salvatrice de Dieu en Jésus-Christ — l'iconoclasme cosmique de la croix — qui brise les idoles et rend possible une vie pour la gloire de Dieu. | Cette vie s'exprime concrètement dans toutes les vocations (travail, famille, société), vécues 'devant les yeux de Dieu' avec diligence, intégrité et humilité. | La conscience de vivre 'par lui' pousse à proclamer l'Évangile publiquement et à représenter Christ auprès des autres, jusqu'à la mort si nécessaire.",Jean Calvin | Augustin | R.C. Sproul | Martyn Lloyd-Jones | Thomas Chalmers,Romains 12:1 | Ésaïe 6 | Galates 5 | Philippiens 3 | Actes 11:26 | Matthieu 25:40 | Matthieu 28:19-20,"Quelles sont les 'idoles' concrètes qui occupent aujourd'hui la place de Dieu dans votre cœur, et comment la contemplation de la croix peut-elle les déloger ? | En quoi la relation entre doctrine et adoration — illustrée par la doxologie de Paul en Romains 11 — devrait-elle changer la façon dont vous étudiez la Bible ? | Comment vivez-vous votre vocation professionnelle ou familiale 'devant les yeux de Dieu' ? Quels ajustements concrets cela demande-t-il ? | Paul demande en Romains 12 d'offrir nos corps comme sacrifice vivant. Qu'est-ce qui, dans votre vie actuelle, résiste encore à cet acte de consécration ?"
sc-1940982903,soundcloud,Le Décret Éternel de Dieu : La prédestination des Saints,fr,2024-10-24,3239,,David Pelosi,default-rule,Épître aux Éphésiens,,3,Eph.1.3-Eph.1.12,Eph,,sermon,False,,,,,1940982903,,,,,,
sc-1940976919,soundcloud,La victoire de Christ sur les idoles du cœur,fr,2024-10-24,3597,,David Pelosi,default-rule,Épître aux Galates,,48,Gal.5.20,Gal,,sermon,False,,,,,1940976919,,,,,,
sc-1936150085,soundcloud,Le Décret Éternel de Dieu est tout inclusif,fr,2024-10-16,3562,,David Pelosi,default-rule,Épître aux Éphésiens,,2,Eph.1.3-Eph.1.12,Eph,,sermon,False,,,,,1936150085,,,,,,
sc-1935232151,soundcloud,,fr,2024-10-15,3503,,David Pelosi,default-rule,Épître aux Galates,1,19,Gal.2.15,Gal,,sermon,False,,,,,1935232151,,,,,,
sc-1935231776,soundcloud,,fr,2024-10-15,3188,,David Pelosi,default-rule,Épître aux Galates,,18,Gal.2.15,Gal,,sermon,False,,,,,1935231776,,,,,,
sc-1935230990,soundcloud,,fr,2024-10-15,3964,,David Pelosi,default-rule,Épître aux Galates,2,17,Gal.2.14,Gal,,sermon,False,,,,,1935230990,,,,,,
sc-1935230426,soundcloud,,fr,2024-10-15,3507,,David Pelosi,default-rule,Épître aux Galates,1,16,Gal.2.14,Gal,,sermon,False,,,,,1935230426,,,,,,
sc-1935229211,soundcloud,,fr,2024-10-15,3426,,David Pelosi,default-rule,Épître aux Galates,3,15,Gal.2.11,Gal,,sermon,False,,,,,1935229211,,,,,,
sc-1935213752,soundcloud,Le péché de l'idolâtrie,fr,2024-10-15,4042,,David Pelosi,default-rule,Épître aux Galates,,47,Gal.5.20,Gal,,sermon,False,,,,,1935213752,,,,,,
sc-1929927797,soundcloud,Le péché de l'immoralité sexuelle,fr,2024-10-06,4319,,David Pelosi,default-rule,Épître aux Galates,,46,Gal.5.19,Gal,,sermon,False,,,,,1929927797,,,,,,
sc-1929281933,soundcloud,Introduction au Décret Éternel de Dieu,fr,2024-10-05,3341,,David Pelosi,default-rule,Épître aux Éphésiens,,1,Eph.1.3-Eph.1.12,Eph,,sermon,False,,,,,1929281933,,,,,,
sc-1925968481,soundcloud,Les œuvres de la chair sont multiformes,fr,2024-09-29,3885,,David Pelosi,default-rule,Épître aux Galates,,45,Gal.5.19-Gal.5.21,Gal,,sermon,False,,,,,1925968481,,,,,,
sc-1925957723,soundcloud,,fr,2024-09-29,4009,,David Pelosi,default-rule,Épître aux Galates,2,14,Gal.2.11,Gal,,sermon,False,,,,,1925957723,,,,,,
sc-1925951444,soundcloud,,fr,2024-09-29,3325,,David Pelosi,default-rule,Épître aux Galates,1,13,Gal.2.11,Gal,,sermon,False,,,,,1925951444,,,,,,
sc-1925946422,soundcloud,,fr,2024-09-29,4000,,David Pelosi,default-rule,Épître aux Galates,3,12,Gal.2.1-Gal.2.10,Gal,,sermon,False,,,,,1925946422,,,,,,
sc-1925938103,soundcloud,,fr,2024-09-29,3739,,David Pelosi,default-rule,Épître aux Galates,2,11,Gal.2.1-Gal.2.10,Gal,,sermon,False,,,,,1925938103,,,,,,
sc-1925937050,soundcloud,,fr,2024-09-29,3159,,David Pelosi,default-rule,Épître aux Galates,1,10,Gal.2.1-Gal.2.10,Gal,,sermon,False,,,,,1925937050,,,,,,
sc-1925240804,soundcloud,La Sainte Trinité,fr,2024-09-28,2828,,David Pelosi,default-rule,Épître aux Philippiens,,1,Phil.2.5-Phil.2.11,Phil,,sermon,False,,,,,1925240804,,,,,,
sc-1922876054,soundcloud,Les œuvres de la chair ne peuvent pas caractériser un enfant de Dieu,fr,2024-09-24,3612,,David Pelosi,default-rule,Épître aux Galates,,44,Gal.5.19-Gal.5.21,Gal,,sermon,False,,,,,1922876054,,,,,,
sc-1922531474,soundcloud,,fr,2024-09-24,3302,,David Pelosi,default-rule,Épître aux Galates,,7,Gal.1.8-Gal.1.24,Gal,,sermon,False,,,,,1922531474,,,,,,
sc-1922530361,soundcloud,Galates 1 v 11 - 24,fr,2024-09-24,3288,,David Pelosi,default-rule,Épître aux Galates,,9,Gal.1.11-Gal.1.24,Gal,,sermon,False,,,,,1922530361,,,,,,
sc-1921720505,soundcloud,,fr,2024-09-23,3823,,David Pelosi,default-rule,Épître aux Galates,,6,Gal.1.8-Gal.1.17,Gal,,sermon,False,,,,,1921720505,,,,,,
sc-1921719686,soundcloud,La qualification apostolique suprême : plaire au Christ seul,fr,2024-09-23,3320,,David Pelosi,default-rule,Épître aux Galates,,8,Gal.1.10,Gal,,sermon,False,,,,,1921719686,hmdc7cbwWsc,,,,,
sc-1920885503,soundcloud,Les œuvres de la chair sont manifestes,fr,2024-09-21,3207,,David Pelosi,default-rule,Épître aux Galates,,43,Gal.5.19,Gal,,sermon,False,,,,,1920885503,,,,,,
sc-1916492831,soundcloud,L'importance de la doctrine de la Trinité,fr,2024-09-14,2821,,David Pelosi,default-rule,Évangile de Matthieu,,1,Matt.3.13-Matt.3.17,Matt,,sermon,False,,,,,1916492831,,,,,,
sc-1914361541,soundcloud,La personne du Saint Esprit et la sanctification,fr,2024-09-11,3443,,David Pelosi,default-rule,Épître aux Galates,,39,Gal.5.16,Gal,,sermon,False,,,,,1914361541,,,,,,
sc-1914360362,soundcloud,,fr,2024-09-11,3608,,David Pelosi,default-rule,Évangile de Marc,,3,Mark,Mark,,sermon,False,,,,,1914360362,,,,,,
sc-1903866746,soundcloud,La religion du cœur,fr,2024-08-25,3868,,David Pelosi,default-rule,Épître de Jacques,,9,Jas.1.26-Jas.1.27,Jas,Jacques 1:26-27,sermon,False,Peut-on être religieux et avoir le cœur loin de Dieu ? Jacques démonte l'illusion et trace la voie d'une foi qui transforme de l'intérieur.,"Ce sermon prend au sérieux une question que beaucoup préfèrent esquiver : ma foi est-elle réelle ou seulement apparente ? À partir de Jacques 1.26-27, le prédicateur déroule avec rigueur ce que Jacques appelle la 'religion pure et sans tache' — une foi qui engage le cœur, pas seulement les actes extérieurs. Si vous cherchez une aide concrète pour examiner l'authenticité de votre vie chrétienne, cette prédication vous en donnera les outils. Elle est également utile pour quiconque se demande pourquoi les bonnes œuvres comptent sans pourtant mériter le salut.","À partir de Jacques 1.26-27, le prédicateur expose le dernier maillon d'une 'chaîne de la parole' qui va de la nouvelle naissance jusqu'à la pratique des bonnes œuvres : la circoncision du cœur. Il montre que toute pratique religieuse extérieure — même assidue — est vaine si le cœur n'est pas engagé et progressivement transformé par l'Évangile, à l'image des pharisiens que Jésus condamnait. Il conclut en montrant que les bonnes œuvres ne sont pas seulement le fruit d'un cœur régénéré, mais aussi l'outil que Dieu utilise pour le sanctifier davantage, formant ainsi un cercle vertueux.",data/catalog/transcripts/sc-1903866746.txt,1903866746,,Sotériologie | Sanctification | Religion et hypocrisie | Foi et œuvres | Circoncision du cœur | Pharisaïsme | Loi et Évangile | Nouvelle Alliance,"Jacques écrit à des chrétiens d'origine juive dispersés et persécutés, ce qui éclaire ses thèmes : persécution, pauvreté, vraie religion, foi et œuvres — tous liés à la mise à l'épreuve de la vraie foi. | Le chapitre 1 forme une 'chaîne de la parole' : engendrement par la parole, écoute, réception, mise en pratique, et finalement transformation du cœur. | Deux illusions religieueses sont dénoncées : écouter sans pratiquer (v.22) et pratiquer sans que le cœur soit transformé (v.26) — les deux aboutissent à une foi vaine. | L'exemple des pharisiens illustre l'hypocrisie religieuse : zèle extérieur, langue qui trahit un cœur plein d'orgueil et de convoitise, tradition humaine substituée à la loi de Dieu. | La circoncision du cœur n'est pas une nouveauté néo-testamentaire : Deutéronome, Jérémie, Ézéchiel et la promesse de la Nouvelle Alliance attestent que Dieu l'a toujours exigée et promise. | Les bonnes œuvres (v.27 : visiter orphelins et veuves) ne sont pas seulement le fruit d'un cœur régénéré ; elles agissent en retour sur ce cœur pour le sanctifier — formant un cercle vertueux.","Jacques (frère du Seigneur) | Paul (épîtres aux Galates, Romains, 1 Corinthiens, Éphésiens, Philippiens) | Esaïe | Jérémie | Ézéchiel | Deutéronome | Matthieu 15 | Luc 14 | Jean 4, 15 | Hébreux 12 | 1 Jean 3 | Romains 2 | Romains 8",Jacques 1:2-4 | Jacques 1:5-8 | Jacques 1:9-11 | Jacques 1:12 | Jacques 1:13-17 | Jacques 1:18-25 | Actes 8 | Galates | Romains 2:28-29 | Romains 8 | Romains 13:14 | Matthieu 15:1-9 | Matthieu 25 | Luc 14:12-14 | Jean 4:21 | Jean 15:10 | 1 Jean 3:18 | Philippiens 2:3 | Éphésiens 2:10 | 1 Corinthiens 9 | Hébreux 12:11 | Deutéronome 10:16 | Deutéronome 30:6 | Jérémie 4:4 | Jérémie 9:25 | Ézéchiel 36:26 | Esaïe 1 | Esaïe 58:6 | Proverbes 19:17 | 2 Timothée 3,En quoi la mise en pratique extérieure de la parole peut-elle devenir un substitut trompeur à la transformation intérieure du cœur ? Comment le détecter dans sa propre vie ? | Jacques cite la langue comme révélateur de l'état du cœur. Quel rôle concret notre manière de parler joue-t-elle dans l'examen de notre vie spirituelle ? | Comment comprenez-vous le 'cercle vertueux' entre cœur régénéré et bonnes œuvres ? En quoi cette vision change-t-elle notre motivation à servir les plus démunis ? | La circoncision du cœur est exigée dès l'Ancien Testament. Qu'est-ce que cela nous apprend sur la continuité de la vraie religion à travers toute l'histoire de la rédemption ?
sc-1903861574,soundcloud,Le péril de la passivité,fr,2024-08-25,3613,,David Pelosi,default-rule,Épître de Jacques,,5,Jas.1.22-Jas.1.24,Jas,,sermon,False,,,,,1903861574,,,,,,
sc-1903860197,soundcloud,La perfection de la loi naturelle,fr,2024-08-25,3563,,David Pelosi,default-rule,Épître de Jacques,1,7,Jas.1.25,Jas,,sermon,False,,,,,1903860197,,,,,,
sc-1903858688,soundcloud,Le chemin vers le bonheur chrétien,fr,2024-08-25,2572,,David Pelosi,default-rule,Épître de Jacques,2,6,Jas.1.25,Jas,,sermon,False,,,,,1903858688,,,,,,
sc-1903852337,soundcloud,La religion du cœur,fr,2024-08-25,3753,,David Pelosi,default-rule,Épître de Jacques,,8,Jas.1.26-Jas.1.27,Jas,,sermon,False,,,,,1903852337,,,,,,
sc-1900268571,soundcloud,Les signes du jugement,fr,2024-08-19,3496,,David Pelosi,default-rule,Étude — Ézéchiel,,1,Ezek.5.1-Ezek.5.4,Ezek,Ézéchiel 5:1-4,sermon,False,Ézéchiel se rase la tête devant le peuple : un geste silencieux qui annonce la destruction imminente de Jérusalem.,"Cette prédication suit pas à pas le signe prophétique du rasage ordonné par Dieu à Ézéchiel en Ézéchiel 5:1-4. Elle montre comment Dieu communique un jugement solennel par des actes symboliques, et pourquoi ce jugement est à la fois juste et équitable. C'est aussi une invitation à réfléchir à ce que les jugements temporaires de Dieu disent à l'Église et aux nations aujourd'hui.","Dans Ézéchiel 5:1-4, Dieu ordonne à Ézéchiel de se raser entièrement la tête et la barbe, puis de diviser ses cheveux en trois parties — à brûler, à tailler au rasoir et à disperser au vent — pour symboliser les trois sorts qui attendaient les habitants de Jérusalem lors de la conquête babylonienne. Ce signe confirme que le jugement divin est désormais irrévocable, exercé avec équité selon la vérité de Dieu et non selon des critères humains. Le prédicateur y voit aussi un avertissement permanent : les jugements temporaires de Dieu appellent à la repentance, et un jugement final, plus grand encore, attend tous ceux qui rejettent sa parole.",data/catalog/transcripts/sc-1900268571.txt,1900268571,,Prophétie | Jugement divin | Sainteté de Dieu | Signes prophétiques | Repentance | Ézéchiel — actes symboliques | Justice et équité divines | Jugement temporaire et jugement final,"Récapitulatif du contexte : Ézéchiel, prophète en exil à Babylone, est établi comme sentinelle chargée d'avertir le peuple du jugement à venir (chapitres 1-4). | Le signe du rasage total symbolise le rejet définitif de Jérusalem par Dieu : plus de temps de sursis, le jugement ira jusqu'au bout. | La division en trois parties des cheveux représente les trois destins du peuple — mort par la famine et l'incendie, mort par l'épée, et dispersion parmi les nations —, tous accomplis littéralement selon Jérémie 39. | La balance à peser rappelle que les jugements de Dieu s'exercent toujours avec équité et droiture, non sous l'impulsion arbitraire. | L'exemple de l'arche de l'alliance chez les Philistins (1 Samuel 4-6) illustre que Dieu exerce ses jugements de façon reconnaissable, pour mettre à nu la culpabilité et appeler à la repentance. | Application : l'Église elle-même n'est pas à l'abri du jugement ; le seul critère que Dieu honore est la fidélité à sa Parole, et les jugements temporaires annoncent un jugement final certain.",Ésaïe | Jérémie | 1 Pierre,Ézéchiel 1 | Ézéchiel 2 | Ézéchiel 3 | Ézéchiel 4 | 1 Samuel 4 | 1 Samuel 6 | Jérémie 39 | Jérémie 42 | Ésaïe 5:16-21 | 1 Corinthiens 11:31 | 1 Pierre 1:8-21,"En quoi le fait qu'Ézéchiel soit lui-même affecté par le sort de Jérusalem change-t-il la façon dont vous comprenez le rôle d'un prédicateur ou d'un serviteur de Dieu ? | Comment reconnaître la main de Dieu dans les jugements temporaires que traversent les nations ou l'Église, sans tomber dans une lecture trop rapide des événements ? | Ézéchiel 5 montre que Dieu juge son propre peuple avant les nations. Quelle responsabilité cela place-t-il sur ceux qui se réclament de l'Évangile ? | À partir de 1 Pierre 1:13-21, qu'est-ce que la sainteté pratique a à voir avec notre compréhension du jugement de Dieu ?"
sc-1900264623,soundcloud,Dieu œuvre lui même au jugement d'Israël,fr,2024-08-19,3867,,David Pelosi,default-rule,Étude — Ézéchiel,,4,Ezek.5.8-Ezek.5.17,Ezek,Ézéchiel 5:8-17,sermon,False,,,"Le prédicateur expose Ézéchiel 5:8-17 en replaçant le jugement de Jérusalem dans son contexte : Dieu, Dieu jaloux et unique, exécute lui-même ses jugements annoncés depuis des siècles (Lévitique, Deutéronome) à cause du péché persistant d'Israël, utilisant Babylone comme instrument. Ce jugement public, visible de toutes les nations, est à la fois un acte de sainte justice, un avertissement pour les peuples environnants et, en définitive, une correction temporaire pleine d'espérance, car Dieu restaurera Jérusalem et a accompli en Christ la pleine peine du péché pour les croyants.",data/catalog/transcripts/sc-1900264623.txt,1900264623,,Jugement de Dieu | Sainteté et justice de Dieu | Prophétie et accomplissement | Alliance et fidélité | Discipline ecclésiale | Espérance et restauration | Idolâtrie et péché,,,Ézéchiel 5:1-7 | Lévitique | Deutéronome | Ésaïe 26:10 | Jérémie | Daniel 9 | 2 Pierre 3:8-10 | 1 Corinthiens 10:6-13 | 1 Pierre 4:17-19 | Luc 23:26-31 | Job 34:26,
sc-1900255956,soundcloud,Le jugement de Dieu malgré l'amour et les privilèges accordés à Jérusalem,fr,2024-08-19,3374,,David Pelosi,default-rule,Étude — Ézéchiel,,2,Ezek.5.5-Ezek.5.7,Ezek,Ézéchiel 5:5-7,sermon,False,"Jérusalem, placée au cœur du monde pour en être la lumière, a trahi cette mission — et ses privilèges mêmes ont aggravé sa culpabilité.","Cette prédication sur Ézéchiel 5 prend le temps d'expliquer pourquoi le jugement de Dieu sur Jérusalem n'est ni arbitraire ni cruel : il est le fruit de siècles de patience divine ignorée. On y découvre que les privilèges reçus sans gratitude ni obéissance deviennent eux-mêmes un motif de condamnation. C'est un texte qui interpelle directement l'Église aujourd'hui, héritière du même mandat de lumière. Une prédication sobre et rigoureuse, utile pour quiconque veut comprendre la cohérence du plan de Dieu à travers les deux Testaments.","Ézéchiel 5.5-7 révèle que le jugement de Dieu sur Jérusalem n'est pas une décision soudaine, mais l'aboutissement de siècles de désobéissance malgré des privilèges exceptionnels : être placée au centre des nations pour y rayonner la sagesse divine. Jérusalem s'est rendue coupable non seulement d'avoir ignoré les commandements de Dieu, mais de les avoir pervertis, tombant ainsi plus bas que les nations païennes qui l'entouraient. Le prédicateur applique cette leçon à l'Église, appelée comme Israël à être lumière du monde, et met en garde contre la tentation de bénéficier des bénédictions de Dieu sans la vie de sanctification qui doit les accompagner.",data/catalog/transcripts/sc-1900255956.txt,1900255956,,Prophétie | Jugement de Dieu | Alliance et loi | Élection et privilèges | Idolâtrie | Sanctification | Mission de l'Église | Désobéissance et ses conséquences,"Dieu avait accordé à Jérusalem un double privilège : être choisie parmi toutes les nations et être placée au centre du monde connu pour en être la lumière. | Ce mandat missionnaire d'Israël — répandre la sagesse divine parmi les nations — trouve son accomplissement dans l'Église, héritière de la même vocation (1 Pierre 2.9). | Premier point de culpabilité : Israël a méprisé et ignoré les commandements de Dieu, oubliant le devoir de mémoire transmis de génération en génération. | Deuxième culpabilité : ils ont perverti la loi en y ajoutant des coutumes païennes et en en retranchant d'autres, établissant leur propre justice au lieu de celle de Dieu. | Troisième et quatrième culpabilités : Jérusalem s'est rendue plus coupable que les nations idolâtres, et a finalement souillé le sanctuaire lui-même en y introduisant de fausses idoles, provoquant le retrait de la présence de Dieu. | Avertissement final tiré de Romains 2 : se glorifier de la loi et des privilèges divins sans obéissance effective est exactement le piège dans lequel Israël est tombé — un piège que l'Église doit éviter.",Jérémie | Martin Lloyd-Jones | Paul (épître aux Romains),Ézéchiel 5:1-10 | Ézéchiel 5:11 | Deutéronome 4:1-2 | Deutéronome 4:6 | Deutéronome 8:11-14 | Psaume 68:16 | 1 Pierre 2:9-10 | 1 Corinthiens 3 | Romains 2:17-24 | Ésaïe 7:20,"En quoi les privilèges spirituels reçus (connaissance de la Bible, appartenance à une église, sacrements) peuvent-ils devenir un facteur aggravant si nous ne les accompagnons pas d'une vie d'obéissance et de gratitude ? | Comment votre famille ou votre église transmet-elle concrètement le « devoir de mémoire » de l'œuvre de Dieu d'une génération à l'autre ? | Ézéchiel montre qu'Israël enviait les nations sous malédiction. Dans quels domaines de votre vie êtes-vous tenté d'envier le monde plutôt que de vous réjouir des bénédictions spirituelles que Dieu vous a données ? | Romains 2.17-24 avertit contre le fait d'enseigner aux autres ce qu'on ne pratique pas soi-même. Comment ce texte vous interpelle-t-il personnellement dans votre témoignage chrétien ?"
sc-1900254174,soundcloud,Introduction à l'excellence de la Nouvelle Alliance,fr,2024-08-19,4569,,David Pelosi,default-rule,Épître aux Hébreux,,23,Heb.6.18,Heb,,sermon,False,,,,,1900254174,,,,,,
sc-1900250868,soundcloud,L'irrévocabilité des promesses de Dieu,fr,2024-08-19,3368,,David Pelosi,default-rule,Épître aux Hébreux,,22,Heb.6.14-Heb.6.17,Heb,,sermon,False,,,,,1900250868,,,,,,
sc-1859238936,soundcloud,"Christ, accomplissement de La Loi, et non son abolition | Matthieu 5 : 17 - 20",fr,2024-06-29,3653,,Stephan Kongo,title,Évangile de Matthieu,,3,Matt.5.17-Matt.5.20,Matt,,sermon,False,,,,,1859238936,,,,,,
sc-1848644817,soundcloud,La réprobation des faux évangiles et de ses prédicateurs,fr,2024-06-15,4082,,David Pelosi,default-rule,Épître aux Galates,,5,Gal.1.6-Gal.1.9,Gal,,sermon,False,,,,,1848644817,9qcmpi_86qY,,,,,
sc-1848634356,soundcloud,L'étonnement de l'apôtre Paul face à l'égarement des Galates | Galates 1 : 6,fr,2024-06-15,3137,,David Pelosi,default-rule,Épître aux Galates,,70,Gal,Gal,,sermon,False,,,,,1848634356,0boDuClIA4k,,,,,
sc-1834617897,soundcloud,La Piété Avec Contentement | Pr.,fr,2024-05-31,3279,,David Pelosi,title,,,,,,,sermon,False,,,,,1834617897,,,,,,
sc-1824015846,soundcloud,Le rôle exclusif des Apôtres,fr,2024-05-17,3805,,David Pelosi,default-rule,Épître aux Galates,,4,Gal.1.1-Gal.1.5,Gal,Galates 1:1-5,sermon,False,"Quand l'autorité apostolique est attaquée, c'est l'Évangile lui-même qui est en jeu — pour les Galates et pour nous aujourd'hui.","Cette prédication examine pourquoi la vocation apostolique est unique et non reproductible, et ce que cela signifie concrètement pour la confiance que nous pouvons accorder à l'Évangile. À travers Galates 1:1-5, le prédicateur montre que la défense de l'autorité de Paul n'est pas un combat d'ego, mais la protection des fondements mêmes de la foi chrétienne. Si vous vous demandez pourquoi l'Église ne peut pas s'appuyer sur de nouveaux apôtres, ou comment l'Évangile résumé en 'grâce et paix' suffit pour toute la vie chrétienne, cette étude vous donnera des éléments solides pour y répondre.","Paul défend son autorité apostolique dès les premiers versets de Galates non pour protéger sa réputation, mais parce que des faux maîtres minent cette autorité afin de détourner l'Église du seul Évangile qui sauve. Le prédicateur montre que la vocation apostolique est exclusive par son appel direct de Dieu et par la tâche unique de définir, protéger et promouvoir l'Évangile une fois pour toutes. L'introduction de la lettre présente déjà l'essentiel de cet Évangile : grâce et paix fondées sur l'œuvre substitutive de Christ, accomplie selon la volonté du Père, pour nous arracher du présent siècle mauvais et rendre gloire à Dieu seul.",data/catalog/transcripts/sc-1824015846.txt,1824015846,Qawl8x-wkGQ,Ecclésiologie | Autorité biblique | Apostolat | Canon du Nouveau Testament | Sola Gratia | Œuvre substitutive du Christ | Sanctification | Eschatologie rédemptrice,"Les faux maîtres en Galatie attaquent l'autorité apostolique de Paul comme stratégie pour corrompre la compréhension de l'Évangile et y ajouter les œuvres de la loi. | La vocation apostolique est exclusive par son origine : un appel direct de Jésus-Christ ressuscité, corroboré par l'Église locale, et non reproductible dans l'histoire. | Les apôtres ont reçu la tâche unique de définir, protéger et promouvoir l'Évangile de manière infaillible ; sans eux, il n'y aurait aucune assurance dans la Bible. | L'essence de l'Évangile se résume en deux termes : grâce (action souveraine de Dieu envers nous) et paix (réconciliation avec Dieu, soi-même et les autres), rendues possibles par l'œuvre de Christ. | Le fondement de l'Évangile est l'œuvre substitutive du Christ qui 's'est donné lui-même pour nos péchés' — toute addition à cette œuvre exprime un mépris envers la personne de Jésus-Christ. | L'objectif de l'Évangile est la rédemption et la restauration complète du peuple de Dieu, inaugurée à la croix et achevée au retour du Christ, ce qui doit marquer le chrétien d'optimisme plutôt que de victimisation.",Lightfoot,Éphésiens 2:20 | 1 Corinthiens 3:10-15 | 1 Corinthiens 15:8 | Jean 8:12 | Matthieu 5:13-14 | Romains 8:28,"En quoi l'attaque contre l'autorité apostolique de Paul était-elle en réalité une attaque contre l'Évangile lui-même ? Pouvez-vous identifier des situations analogues dans l'Église aujourd'hui ? | Pourquoi est-il important que la vocation apostolique soit à la fois d'origine divine et corroborée par une Église locale ? Quelles conséquences pratiques cela a-t-il pour la reconnaissance des ministères aujourd'hui ? | Comment les termes 'grâce' et 'paix' résument-ils l'ensemble de la vie chrétienne, de la conversion à la glorification ? En quoi les Galates s'écartaient-ils de ce cadre ? | De quelle manière la compréhension que Christ 's'est donné lui-même' — et non seulement son sacrifice — change-t-elle notre façon de vivre la sanctification au quotidien ?"
sc-1824014199,soundcloud,L'appel exclusif des Apôtres,fr,2024-05-17,3734,,David Pelosi,default-rule,Épître aux Galates,,3,Gal.1.1-Gal.1.5,Gal,,sermon,False,,,,,1824014199,ndatfCdiLs8,,,,,
sc-1824012756,soundcloud,"Paul, l'homme théologien, évangéliste, chrétien",fr,2024-05-17,3583,,David Pelosi,default-rule,Épître aux Galates,,2,Gal.1.1-Gal.1.5,Gal,,sermon,False,,,,,1824012756,,,,,,
sc-1824003237,soundcloud,"Paul, l'homme naturel",fr,2024-05-17,3569,,David Pelosi,default-rule,Épître aux Galates,,1,Gal.1.1-Gal.1.5,Gal,,sermon,False,,,,,1824003237,,,,,,
sc-1823993748,soundcloud,Soumettre Mamon à Christ en tant qu'Eglise | Pr.,fr,2024-05-17,2979,,David Pelosi,title,,,,,,,sermon,False,,,,,1823993748,,,,,,
sc-1815113361,soundcloud,Ruiné par les finances,fr,2024-05-05,4794,,Jonas Hensworth,title,Évangile de Marc,,2,Mark.10.17-Mark.10.27,Mark,,sermon,False,,,,,1815113361,,,,,,
sc-1815112302,soundcloud,Une bénédiction contagieuse | Genèse 32 : 24-32 Joël Beeke,fr,2024-05-05,3327,,Joël Beeke,title,Étude — Genèse,,13,Gen.32.24-Gen.32.32,Gen,Genèse 32:24-32,sermon,False,Quand Dieu lutte contre nous pour nous bénir : cinq formes d'une bénédiction qui se transmet.,"Ce message part d'un récit déroutant — un homme qui combat Dieu toute la nuit et en sort boiteux, mais béni. Joël Beeke y déploie cinq dimensions d'une bénédiction que Jacob a reçue à Peniel et qui, selon lui, peut marquer n'importe quelle vie. Une prédication exigeante, nourrie de la tradition réformée et puritaine, qui invite à prendre la prière et la repentance au sérieux.","À partir de la lutte de Jacob avec l'ange à Peniel (Genèse 32), Joël Beeke identifie cinq bénédictions contagieuses : la persévérance, la prière, la repentance, la puissance et le prix de la souffrance. Il montre que Jacob gagne précisément lorsqu'il s'abandonne, et que la faiblesse acceptée devant Dieu est la voie vers la vraie force. Ces bénédictions, reçues dans la solitude et l'épreuve, ont vocation à se transmettre autour de soi.",data/catalog/transcripts/sc-1815112302.txt,1815112302,,Sanctification | Prière | Repentance | Persévérance | Christophanie | Providence et souffrance | Réveil et réforme | Bénédiction divine,"Jacob, homme trompeur et fugitif, est poursuivi par la grâce de Dieu depuis Béthel jusqu'à Peniel. | La lutte nocturne avec l'ange (Christophanie) révèle que les épreuves sont des rendez-vous avec Dieu lui-même. | La première bénédiction est la persévérance : ne pas lâcher Dieu, même épuisé, jusqu'à recevoir sa bénédiction. | La deuxième est la prière comme cœur de la vie, illustrée par Luther qui priait davantage les jours chargés. | La repentance contagieuse : Jacob admet enfin son nom (trompeur) — reconnaître ce qu'on est devant Dieu, c'est le chemin de la paix. | La puissance et le prix : brisé, Jacob devient Israël ; la boiterie permanente témoigne d'une 'miséricorde sévère' qui rapproche de Dieu et attire le regard du monde.",Jean Calvin | Martin Luther | Alexander White | John Bunyan | Philip Melanchthon,Genèse 32:9-12 | Osée 12:4 | Psaume 32 | Ésaïe 59 | Proverbes | Psaume 144 | 2 Corinthiens 12:10 | Jérémie 18:6,"Dans quelles circonstances avez-vous personnellement fait l'expérience d'une 'lutte avec Dieu' ? Qu'en avez-vous retenu ? | Beeke dit que la prière était 'le cœur de la vie' pour Luther et les Puritains. Qu'est-ce que cela révèle sur la place que vous accordez à la prière dans votre quotidien ? | Jacob ne reconnaît son vrai nom qu'à Peniel. Y a-t-il des péchés ou des traits de caractère que vous avez du mal à reconnaître honnêtement devant Dieu ? | Comment les 'miséricordes sévères' — épreuves, faiblesses, blessures — peuvent-elles devenir une bénédiction contagieuse pour ceux qui vous entourent ?"
sc-1796999869,soundcloud,L'irrévocabilité des promesses de Dieu,fr,2024-04-09,3374,,David Pelosi,default-rule,Épître aux Hébreux,,21,Heb.6.13,Heb,,sermon,False,,,,,1796999869,,,,,,
sc-1796994070,soundcloud,"Pâques, l'émerveillement continu",fr,2024-04-09,3366,,David Pelosi,default-rule,Épître de Pierre,,2,1Pet.1.17-1Pet.1.21,1Pet,,sermon,False,,,,,1796994070,,,,,,
sc-1788683833,soundcloud,Résumé & Questions - Réponses | Pr.,fr,2024-03-30,3303,,David Pelosi,title,,,,,,,teaching_or_qa,False,,,,,1788683833,,,,,,
sc-1783414731,soundcloud,Soumettre l'argent à Christ - Le bon usage des biens temporels | Pr.,fr,2024-03-24,4113,,David Pelosi,title,,,,,,,sermon,False,,,,,1783414731,,,,,,
sc-1783411983,soundcloud,Fuir le désir d'être riche | Pr.,fr,2024-03-24,4219,,David Pelosi,title,,,,,,,sermon,False,,,,,1783411983,,,,,,
sc-1783388496,soundcloud,Contentement en Dieu en toutes circonstances | Pr.,fr,2024-03-24,2837,,David Pelosi,title,,,,,,,sermon,False,,,,,1783388496,,,,,,
sc-1783383399,soundcloud,Gérer les biens de Dieu sous nos soins | Pr.,fr,2024-03-24,3951,,David Pelosi,title,,,,,,,sermon,False,,,,,1783383399,,,,,,
sc-1761530460,soundcloud,La justice de Dieu pour réconfort,fr,2024-02-29,4013,,David Pelosi,default-rule,Épître aux Hébreux,,19,Heb.6.9-Heb.6.10,Heb,,sermon,False,,,,,1761530460,,,,,,
sc-1761516453,soundcloud,Le péril de l'immobilisme,fr,2024-02-29,3570,,David Pelosi,default-rule,Épître aux Hébreux,,18,Heb.6.7-Heb.6.8,Heb,,sermon,False,,,,,1761516453,,,,,,
sc-1761512832,soundcloud,Le péril de l'immobilisme,fr,2024-02-29,4371,,David Pelosi,default-rule,Épître aux Hébreux,,17,Heb.6.1-Heb.6.6,Heb,,sermon,False,,,,,1761512832,,,,,,
sc-1757757267,soundcloud,Trouvés coupables d'être lents,fr,2024-02-25,3943,,David Pelosi,default-rule,Épître aux Hébreux,,16,Heb.5.9-Heb.5.14,Heb,,sermon,False,,,,,1757757267,,,,,,
sc-1757755131,soundcloud,La perfection du sacerdoce de Christ par son exercice,fr,2024-02-25,3980,,David Pelosi,default-rule,Épître aux Hébreux,,14,Heb.5.1-Heb.5.7,Heb,,sermon,False,,,,,1757755131,,,,,,
sc-1757740353,soundcloud,Dépenser et budgétiser selon les principes bibliques | Pr.,fr,2024-02-25,3587,,Stephan Kongo,title,,,,,,,sermon,False,,,,,1757740353,,,,,,
sc-1757737536,soundcloud,Pourquoi et comment exercer la libéralité | Pr.,fr,2024-02-25,2857,,Loïc Rakotozafy,title,,,,,,,sermon,False,,,,,1757737536,,,,,,
sc-1747295427,soundcloud,La perfection du sacerdoce de Christ par son statut supérieur,fr,2024-02-14,4272,,David Pelosi,default-rule,Épître aux Hébreux,,15,Heb.5.5-Heb.5.6,Heb,,sermon,False,,,,,1747295427,,,,,,
sc-1747292289,soundcloud,L'invitation du Souverain Sacrificateur à nous approcher avec assurance,fr,2024-02-14,3411,,David Pelosi,default-rule,Épître aux Hébreux,,13,Heb.4.14-Heb.4.16,Heb,,sermon,False,,,,,1747292289,,,,,,
sc-1747289583,soundcloud,La nature divine du sacerdoce de Christ,fr,2024-02-14,3752,,David Pelosi,default-rule,Épître aux Hébreux,,12,Heb.4.14,Heb,,sermon,False,,,,,1747289583,,,,,,
sc-1747287255,soundcloud,La Parole de Dieu met à nu,fr,2024-02-14,3147,,David Pelosi,default-rule,Épître aux Hébreux,,11,Heb.4.12-Heb.4.13,Heb,,sermon,False,,,,,1747287255,,,,,,
sc-1747285392,soundcloud,La nature et les conséquences de l'incrédulité,fr,2024-02-14,4084,,David Pelosi,default-rule,Épître aux Hébreux,,10,Heb.3.19,Heb,,sermon,False,,,,,1747285392,,,,,,
sc-1747282587,soundcloud,Aux coeurs endurcis,fr,2024-02-14,4176,,David Pelosi,default-rule,Épître aux Hébreux,,9,Heb.3.12-Heb.3.18,Heb,,sermon,False,,,,,1747282587,,,,,,
sc-1747280997,soundcloud,Aux coeurs endurcis I,fr,2024-02-14,3695,,David Pelosi,default-rule,Épître aux Hébreux,,8,Heb.3.7-Heb.3.11,Heb,Hébreux 3:7-11,sermon,False,,,"Le prédicateur expose Hébreux 3:7-11 en définissant l'endurcissement du cœur non comme des actes de rébellion manifeste, mais comme l'absence de réponse conforme aux attentes de Dieu après avoir été exposé à ses vertus en Christ. S'appuyant sur l'exemple d'Israël dans le désert et des parallèles tirés de Romains 1, de Luc 17 et d'Hébreux 2, il souligne l'urgence et la gravité extrême de cet endurcissement, équivalent à fouler au pied le Fils de Dieu. Il conclut en encourageant les auditeurs à chercher Dieu de tout leur cœur, assurés de son intentionnalité à se faire connaître à ceux qui le cherchent sincèrement.",data/catalog/transcripts/sc-1747280997.txt,1747280997,,Endurcissement du cœur | Persévérance | Régénération | Souveraineté de Dieu | Jugement et colère de Dieu | Saint-Esprit | Sanctification,,,Hébreux 1 | Hébreux 2:1-3 | Hébreux 3:1 | Romains 1:18-26 | Luc 17:12-19 | Luc 12:48-49 | Jean 16:13-14 | Ésaïe 6 | Exode 3:2 | Exode 19:16-18 | Genèse 18 | Josué 5:13-15 | Psaume 139 | Psaume 90 | Jérémie 31,
sc-1747279587,soundcloud,Christ supérieur à Moïse,fr,2024-02-14,3702,,David Pelosi,default-rule,Épître aux Hébreux,,7,Heb.3.2-Heb.3.6,Heb,,sermon,False,,,,,1747279587,,,,,,
sc-1747277709,soundcloud,Considérez Christ,fr,2024-02-14,3423,,David Pelosi,default-rule,Épître aux Hébreux,,6,Heb.3.1,Heb,,sermon,False,,,,,1747277709,,,,,,
sc-1747271847,soundcloud,La glorieuse humiliation du Christ,fr,2024-02-14,3367,,David Pelosi,default-rule,Épître aux Hébreux,,3,Heb.2.9-Heb.2.10,Heb,,sermon,False,,,,,1747271847,,,,,,
sc-1747265775,soundcloud,Les bienfaits de l'humiliation du Christ,fr,2024-02-14,2984,,David Pelosi,default-rule,Épître aux Hébreux,,5,Heb.2.15-Heb.2.16,Heb,,sermon,False,,,,,1747265775,,,,,,
sc-1747263570,soundcloud,Les bienfaits de l'humiliation du Christ,fr,2024-02-14,3028,,David Pelosi,default-rule,Épître aux Hébreux,,4,Heb.2.11-Heb.2.14,Heb,,sermon,False,,,,,1747263570,,,,,,
sc-1737731010,soundcloud,Conservons notre pleine espérance,fr,2024-02-04,3199,,David Pelosi,default-rule,Épître aux Hébreux,,20,Heb.6.11-Heb.6.12,Heb,Hébreux 6:11-12,sermon,False,"Quand la beauté de Christ se ternit devant nos yeux, comment raviver un zèle qui s'épuise et conserver jusqu'au bout une espérance certaine ?","Cette prédication s'adresse à ceux qui ont cru avec ferveur et se retrouvent aujourd'hui essoufflés. Elle confronte honnêtement la tendance naturelle au relâchement spirituel, sans minimiser le danger ni écraser l'âme. L'auteur de l'épître aux Hébreux guide ses lecteurs non vers un effort de volonté à nu, mais vers une espérance ancrée dans le caractère même de Dieu. Une parole qui remet l'éternité à sa juste place et rappelle que la vraie foi, don de Dieu, produit nécessairement de la persévérance.","À partir d'Hébreux 6.11-12, le prédicateur rappelle que le zèle des premiers convertis juifs s'est progressivement érodé, les exposant au danger de retourner aux rites de l'ancienne alliance. Il montre que la vraie foi salvatrice se manifeste inévitablement par la persévérance, et que cette persévérance doit être activement nourrie par les moyens de grâce — dont l'imitation des témoins qui nous ont précédés dans la foi. L'espérance chrétienne n'est pas une vague aspiration mais une certitude ancrée dans les promesses écrites de Dieu, scellées par le sang de Jésus-Christ.",data/catalog/transcripts/sc-1737731010.txt,1737731010,,Sotériologie | Persévérance des saints | Espérance chrétienne | Foi salvatrice | Justification par la foi seule | Moyens de grâce | Épître aux Hébreux | Sacerdoce de Christ,"Le contexte des destinataires : des Juifs convertis ayant enduré persécution et déracinement, dont le zèle initial s'est ensuite évaporé | Le réconfort fondé non sur l'examen de soi mais sur la justice de Dieu, qui n'oublie aucune œuvre accomplie pour son nom | La nature combative de la persévérance : elle s'oppose à l'immobilisme, car notre nature déchue érode naturellement les affections pour Christ | La vraie foi salvatrice se reconnaît à la persévérance — ce qui exclut les fois éphémères, traditionnelles ou rituelles | Le moyen de grâce proposé au verset 12 : imiter ceux qui, par la foi et la persévérance, ont hérité des promesses, notamment les martyrs huguenots | L'espérance chrétienne est sûre et certaine parce qu'elle repose sur les promesses définies de la Parole de Dieu, et non sur nos désirs","Nathaniel (prédication sur l'épître de Jacques) | Musée du Désert (huguenots, sud de la France)",Hébreux 4:16 | Hébreux 5 | Hébreux 6:9-10 | Hébreux 10 | Hébreux 12 | Apocalypse 22 | Romains 8:28 | Romains 8:30 | Jean 16:33 | Matthieu 11:28 | Jean 3:36,"En quoi la justice de Dieu est-elle présentée ici comme source de réconfort plutôt que de crainte, et comment cela change-t-il votre façon de vous approcher de lui ? | Quel zèle particulier avez-vous manifesté dans les premières heures de votre vie chrétienne, et comment pourriez-vous l'appliquer aujourd'hui à la conservation de votre espérance ? | L'imitation des témoins de la foi (martyrs, huguenots, héros bibliques) est proposée comme moyen de grâce concret : quelle histoire ou quel exemple vous a le plus marqué, et pourquoi ? | Quelle différence concrète cela fait-il de distinguer les promesses définies de la Parole de Dieu de nos propres désirs placés dans la catégorie 'promesses de Dieu' ?"
sc-1736838363,soundcloud,Introduction | Pr.,fr,2024-02-03,3601,,Stephan Kongo,title,,,,,,,sermon,False,,,,,1736838363,,,,,,
sc-1736800041,soundcloud,L'intendance fidèle,fr,2024-02-03,2564,,Nathanaël Fis,title,,,,,,Matthieu 25:14-30,teaching_or_qa,False,"Et si votre budget, votre agenda et vos talents étaient le CV de Dieu — la preuve vivante de son caractère ?","Ce cours sur l'intendance dépasse la simple gestion des finances personnelles. Nathanaël Fis montre que la manière dont nous utilisons nos biens, notre temps et nos dons dit quelque chose de vrai ou de faux sur qui est Dieu. Une réflexion qui touche à la foi elle-même, pas seulement à nos habitudes de dépenses.","Nathanaël Fis soutient que l'objectif premier de l'intendance n'est pas d'aider Dieu — qui n'a besoin de rien — mais de refléter fidèlement son caractère bon et digne de confiance. S'appuyant sur la parabole des talents, il montre que l'infidélité du troisième serviteur est d'abord un problème de foi : il ne connaissait pas vraiment son maître. La fidélité, et non les résultats, constitue donc le cœur de l'intendance chrétienne, car elle proclame l'Évangile par notre façon de vivre.",data/catalog/transcripts/sc-1736800041.txt,1736800041,,Intendance | Théologie de la création | Image de Dieu (Imago Dei) | Foi salvatrice | Sanctification | Eschatologie pratique | Parabole des talents | Gloire de Dieu,"Tout ce que nous possédons appartient à Dieu ; nous en sommes des intendants, non des propriétaires. | La parabole des talents est une parabole sur la foi : le troisième serviteur va en enfer non pour avoir perdu le talent, mais parce qu'il ne faisait pas confiance à son maître. | Le but de l'intendance est de refléter le caractère de Dieu — notre vie devient le 'CV de Dieu' par notre obéissance fidèle. | Créés à l'image de Dieu (Gn 1,27), nous reflétons cette image par nos relations et notre travail ; le péché a déformé ce miroir, mais la nouvelle naissance le restaure. | La fidélité, pas les résultats, est notre responsabilité : Dieu se charge des résultats, nous nous chargeons de l'obéissance. | Nous pouvons investir nos biens dès aujourd'hui en vue de l'éternité, convertissant ce qui va périr en trésor qui demeure.",,1 Chroniques 29:10-16 | Psaume 50:12 | Genèse 1:27-28 | Genèse 3 | Jacques 2:19 | Romains 8:29 | 1 Corinthiens 4:7 | 1 Corinthiens 10:31 | Proverbes 23:4-5 | Éphésiens 5:19 | Matthieu 6:19-21 | Matthieu 6:33 | Marc 12:41-44,"En quoi la manière dont vous gérez vos finances ou votre temps dit-elle quelque chose de vrai ou de faux sur le caractère de Dieu dans votre entourage ? | Quelle est la différence concrète entre évaluer sa vie selon les résultats et l'évaluer selon la fidélité ? Donnez un exemple tiré de votre propre expérience. | Le troisième serviteur 'couvrait ses arrières' au cas où le maître ne reviendrait pas. Dans quels domaines de votre vie adoptez-vous une attitude similaire ? | Comment l'idée d''investir en vue de l'éternité' change-t-elle vos priorités actuelles en matière d'argent, de temps ou de dons ?"
sc-1722453477,soundcloud,Racheter le temps pour vivre sagement,fr,2024-01-19,4141,,David Pelosi,default-rule,,,,,,,sermon,False,,,,,1722453477,,,,,,
sc-1719407739,soundcloud,Un refuge éternel dans un pèlerinage éphémère,fr,2024-01-16,3710,,David Pelosi,default-rule,,,,,,,sermon,False,,,,,1719407739,,,,,,
sc-1719407703,soundcloud,La fragilité humaine face à l'Éternité de Dieu,fr,2024-01-16,4353,,David Pelosi,default-rule,,,,,,,sermon,False,,,,,1719407703,,,,,,
sc-1690636275,soundcloud,Pratique la parentalité biblique - Pr.,fr,2023-12-14,2092,,Stephan Kongo,title,,,,,,,sermon,False,,,,,1690636275,,,,,,
sc-1690634472,soundcloud,La parentalité selon la Bible | Pr.,fr,2023-12-14,1816,,Stephan Kongo,title,,,,,,,sermon,False,,,,,1690634472,,,,,,
sc-1690631577,soundcloud,Pratiquer le mariage biblique,fr,2023-12-14,1706,,David Pelosi,default-rule,,,,,,,sermon,False,,,,,1690631577,,,,,,
sc-1690629117,soundcloud,Le mariage selon la Bible,fr,2023-12-14,1770,,David Pelosi,default-rule,,,,,,,sermon,False,,,,,1690629117,,,,,,
sc-1690626048,soundcloud,Pratiquer le célibat biblique | Pr.,fr,2023-12-14,2652,,David Pelosi,title,,,,,,,sermon,False,,,,,1690626048,,,,,,
sc-1690623990,soundcloud,Le célibat selon la Bible | Pr.,fr,2023-12-14,2969,,David Pelosi,title,,,,,,,sermon,False,,,,,1690623990,,,,,,
sc-1686416268,soundcloud,Leçon n°10,fr,2023-12-09,3874,,David Pelosi,default-rule,,10,,,,,teaching,False,,,,,1686416268,,,,,,
sc-1669285608,soundcloud,Leçon n°9,fr,2023-11-19,4028,,David Pelosi,default-rule,,9,,,,,teaching,False,,,,,1669285608,,,,,,
sc-1666889544,soundcloud,Leçon n°8,fr,2023-11-16,4587,,David Pelosi,default-rule,,8,,,,,teaching,False,,,,,1666889544,,,,,,
sc-1666886688,soundcloud,Leçon n°7,fr,2023-11-16,3198,,David Pelosi,default-rule,,7,,,,,teaching,False,,,,,1666886688,,,,,,
sc-1652069766,soundcloud,Leçon n°6,fr,2023-10-29,3596,,David Pelosi,default-rule,,6,,,,Actes 6:1-7,teaching,False,Ni simples serveurs ni pseudo-pasteurs : que font vraiment les diacres selon la Bible ?,"Cette leçon aborde une question souvent mal résolue dans les églises : quel est le vrai travail des diacres ? À partir d'exemples concrets et de textes bibliques précis, l'enseignant trace une ligne claire entre le rôle des anciens et celui des diacres, et montre pourquoi cette distinction protège la santé de l'église. C'est une étude utile autant pour ceux qui exercent ce ministère que pour ceux qui réfléchissent à la gouvernance de leur assemblée.","La leçon définit l'œuvre diaconale autour de trois missions : répondre à des besoins tangibles, protéger et promouvoir l'unité de l'église, et soutenir le ministère des anciens. L'enseignant insiste sur le fait que les diacres ne sont pas des pseudo-anciens ni de simples exécutants, mais des serviteurs qui facilitent le travail pastoral et coordonnent l'assemblée. Il rappelle aussi l'équilibre biblique entre ministère de la Parole et ministère de compassion, les deux allant de pair sans que l'un écrase l'autre.",data/catalog/transcripts/sc-1652069766.txt,1652069766,,Ecclésiologie | Gouvernance de l'église | Diaconat | Rôle des anciens | Ministère de compassion | Unité de l'église | Leadership serviteur,"Les diacres sont choisis parmi ceux qui servent déjà de façon discrète et fidèle, pas parmi les oisifs ou les ambitieux. | Leur première mission est de répondre à des besoins tangibles et d'anticiper les problèmes pour alléger les anciens. | Leur deuxième mission est de protéger l'unité de l'église, en promouvant la paix et en évitant tout esprit partisan. | Leur troisième mission est de servir et soutenir le ministère des anciens, non de s'y substituer ni de le concurrencer. | La structure biblique est claire : les anciens conduisent, les diacres facilitent, l'assemblée accomplit le ministère. | L'équilibre entre enseignement de la Parole et ministère de compassion doit être maintenu ; aucun des deux ne doit écraser l'autre.",Marc Dever | Actes 6 | Philippiens 1.1 | 1 Timothée 3 | 1 Corinthiens 13,Matthieu 5:9 | Proverbes 19:11 | 1 Corinthiens 1:10-11 | 1 Corinthiens 13:7 | Philippiens 1:1 | Philippiens 4:2 | 1 Timothée 3:1-13 | Actes 20:28 | 1 Thessaloniciens 5 | Actes 17,"En quoi la distinction entre le rôle des anciens et celui des diacres protège-t-elle concrètement la santé d'une église locale ? | Comment discerner si un frère ou une sœur est prêt à servir comme diacre, au-delà de ses compétences pratiques ? | Que faire lorsque, dans votre église, les frontières entre le rôle des diacres et celui des anciens sont floues ou confondues ? | Comment votre église maintient-elle l'équilibre entre l'enseignement de la Parole et le ministère de compassion envers les nécessiteux ?"
sc-1651552257,soundcloud,Leçon n°1,fr,2023-10-28,4010,,David Pelosi,default-rule,,1,,,,Actes 6:1-7,teaching,False,"Quand l'Église s'organise selon la Parole, elle libère la prédication — et c'est là que tout commence.","Cette première leçon d'une série sur le diaconat repart des origines : pourquoi l'Église primitive a-t-elle institué des diacres, et qu'est-ce que cela révèle sur ce qui est vraiment central dans la vie d'une église ? Le prédicateur prend le temps de poser les fondements bibliques avant d'entrer dans les qualifications ou les rôles précis. Une étude utile pour toute congrégation qui réfléchit sérieusement à sa structure et à ses priorités.","À partir d'Actes 6.1-7, ce message introductif explore pourquoi l'Église primitive a institué les diacres : non pour diminuer le service pratique, mais pour libérer les apôtres à la prière et à la proclamation de la Parole, qui demeurent la tâche primaire de l'Église. Le prédicateur montre que l'Église est à la fois un organisme vivant et une institution ordonnée, et que la structure biblique légère — anciens et diacres — sert à préserver ce qui est irremplaçable : prêcher l'Évangile et prier. Il conclut que les diacres exercent une fonction profondément spirituelle en catalysant ainsi le ministère de la Parole.",data/catalog/transcripts/sc-1651552257.txt,1651552257,,Ecclésiologie | Gouvernance de l'Église | Office des diacres | Office des anciens/pasteurs | Priorité de la prédication | Prière | Organisation et structure de l'Église | Résistance spirituelle et distraction,"La croissance de l'Église et un conflit interne (Actes 6) ont rendu nécessaire une organisation plus formelle, donnant naissance à l'office des diacres. | L'Église est à la fois un organisme vivant et une institution divine ordonnée — les deux extrêmes (hyper-institutionnalisme et rejet de toute structure) sont à éviter. | La tâche primaire irremplaçable de l'Église est la prière et la proclamation de la Parole ; les diacres existent pour préserver cette priorité. | Satan cherche à distraire l'Église de ses armes les plus puissantes (prière et enseignement), que ce soit par la persécution, le péché, les hérésies ou les divisions. | Le rôle des diacres est profondément spirituel : en servant les tables, ils permettent aux anciens de se consacrer entièrement à la Parole et à la prière. | L'identification des diacres est une responsabilité de toute la communauté, qui doit agir de manière informée et guidée par l'Écriture.",Martyn Lloyd-Jones | John MacArthur,1 Timothée 3 | Éphésiens 4 | Actes 2:37-45 | Actes 4 | Actes 8 | 1 Corinthiens 9:14 | Psaume 19 | Psaume 104 | Éphésiens 2,"En quoi la distinction entre l'Église comme organisme et l'Église comme institution vous aide-t-elle à mieux comprendre la structure que vous vivez dans votre propre assemblée ? | Quelles formes concrètes de distraction — bonnes ou mauvaises en elles-mêmes — risquent de détourner vos anciens de la prière et de la Parole dans votre contexte ? | Comment votre participation personnelle à l'identification des diacres exprime-t-elle votre responsabilité de membre de l'Église ? | Si la prédication de la Parole et la prière sont les moyens premiers de croissance de l'Église, comment cela devrait-il remodeler vos attentes envers vos pasteurs ?"
sc-1651552254,soundcloud,Leçon n°2,fr,2023-10-28,4068,,David Pelosi,default-rule,,2,,,,1 Timothée 3:8-13,teaching,False,Que dit la Bible sur les diacres et leur rôle vital dans l'Église ? 1 Timothée 3 répond avec précision.,"Cette leçon examine les qualifications et la mission des diacres telles qu'elles sont décrites en 1 Timothée 3.8-13. C'est une étude utile pour toute église qui réfléchit à son organisation et à ses ministères de service. La transcription disponible est malheureusement trop lacunaire pour en restituer le contenu détaillé, mais le texte de référence lui-même mérite d'être lu et médité attentivement.","La prédication s'appuie sur 1 Timothée 3.8-13, passage consacré aux qualifications requises des diacres dans l'Église locale. Le texte biblique lu en ouverture constitue le fondement de cette deuxième leçon d'une série sur l'organisation ecclésiale. La transcription automatique n'a pas restitué le développement homilétique au-delà de l'introduction et de la lecture du texte.",data/catalog/transcripts/sc-1651552254.txt,1651552254,,Ecclésiologie | Ministères de l'Église | Diaconat | Qualifications des serviteurs | Organisation ecclésiale,Lecture de 1 Timothée 3.8-13 comme texte de base | Introduction aux qualifications morales et spirituelles des diacres | Deuxième leçon d'une série sur la vie et la structure de l'Église locale,,,"Quelles qualifications Paul exige-t-il des diacres en 1 Timothée 3.8-13, et pourquoi ces critères sont-ils importants pour la santé d'une église ? | En quoi le ministère des diacres se distingue-t-il de celui des anciens, selon ce passage et le contexte plus large du Nouveau Testament ? | Comment votre église locale évalue-t-elle et reconnaît-elle ceux qui sont appelés au service diaconal ? | Quelle est la promesse attachée à un bon exercice du diaconat au verset 13, et qu'implique-t-elle pour la motivation du serviteur ?"
sc-1651552227,soundcloud,Leçon n°3,fr,2023-10-28,3553,,David Pelosi,default-rule,,3,,,,Actes 6:1-7,teaching,False,"Actes 6 révèle pourquoi l'Église a besoin de diacres : non pour les tâches secondaires, mais pour que la Parole progresse sans entrave.","Cette leçon explore la naissance du diaconat à partir d'Actes 6, en montrant comment une crise de distribution de repas a failli fracasser l'Église primitive. L'enseignant remonte aux raisons profondes de ce rôle : protéger l'unité de l'Église, soulager les anciens et permettre à la Parole d'avancer. Une étude concrète et ancrée dans le texte, utile à quiconque réfléchit à son engagement dans une assemblée locale.","À partir d'Actes 6.1-7, l'enseignant retrace l'origine des diacres dans l'Église primitive : face à une plainte des Juifs hellénistes concernant la distribution des repas aux veuves, les apôtres convoquent l'assemblée et choisissent sept hommes remplis du Saint-Esprit, de foi et de sagesse. Ce texte fondateur pose quatre bases pour comprendre le diaconat : la priorité du ministère de la Parole, l'implication de l'assemblée, les qualités requises, et la répartition des tâches pour préserver l'unité de l'Église. L'exemple d'Étienne et de Philippe montre que ce service pratique peut porter une portée spirituelle considérable.",data/catalog/transcripts/sc-1651552227.txt,1651552227,,Ecclésiologie | Gouvernance de l'Église | Diaconat | Unité de l'Église | Ministère de la Parole | Congrégationnalisme | Actes des Apôtres,"La croissance de l'Église primitive a engendré des tensions culturelles profondes entre Juifs hellénistes et Juifs palestiniens, menaçant l'unité de l'Église. | Les apôtres répondent à la crise non par l'autorité unilatérale, mais avec douceur et sagesse, en convoquant toute l'assemblée (modèle congrégationaliste). | La priorité absolue du ministère de la Parole et de la prière justifie la création d'un rôle distinct pour gérer les besoins pratiques. | Les qualités requises pour les sept — réputation, plénitude du Saint-Esprit, sagesse — posent les bases des critères bibliques du diaconat (1 Timothée 3.8-12). | Le choix de sept Juifs hellénistes pour régler un conflit impliquant ces mêmes Juifs illustre que le rôle premier du diacre est de préserver l'unité, non de représenter des intérêts. | Le fruit visible (Actes 6.7 : la Parole se répand, les disciples s'accroissent) prouve le lien entre le service des diacres et la progression de l'Évangile.",John Stott | Marc Dever | Paul Washer | Nine Marks | Gospel Coalition,1 Pierre 5:2-3 | 1 Timothée 3:8-12,"En quoi la crise décrite en Actes 6 ressemble-t-elle à des tensions que vous avez observées dans une Église locale ? Comment aurait-on pu mal la gérer ? | Pourquoi les apôtres insistent-ils autant sur les qualités spirituelles (plénitude du Saint-Esprit, sagesse) pour un rôle apparemment pratique ? Qu'est-ce que cela révèle sur la nature du diaconat ? | Comment votre assemblée implique-t-elle concrètement ses membres dans le discernement et la validation des serviteurs ? Que pourrait-on améliorer ? | Quel lien personnel voyez-vous entre votre propre croissance spirituelle et votre capacité à contribuer à l'unité et au service de votre Église ?"
sc-1651552212,soundcloud,Leçon n°4,fr,2023-10-28,3461,,David Pelosi,default-rule,,4,,,,1 Timothée 3:8-16,teaching,False,"Avant de nommer un diacre, l'Église doit regarder l'être, pas seulement le faire — la Bible l'exige.","Cette leçon pose une question que beaucoup d'Églises évitent : sur quoi se fonde le choix d'un diacre ? L'enseignant travaille le texte de 1 Timothée 3 avec soin et franchise, en confrontant les critères pragmatiques qui tentent souvent les communautés aux exigences spirituelles claires de l'Écriture. Une étude utile pour toute Église qui réfléchit sérieusement à son ordre et à ses ministères.","Cette quatrième leçon sur le diaconat porte sur les qualifications bibliques du diacre telles qu'elles apparaissent en Actes 6 et en 1 Timothée 3. L'enseignant montre que l'Écriture met délibérément l'accent sur l'être plutôt que sur le faire, en avertissant contre les motivations pragmatiques qui poussent à nommer des diacres selon leurs capacités pratiques plutôt que selon leur maturité spirituelle. Quatre qualifications morales et personnelles sont ensuite développées : la dignité, l'éloignement de la duplicité, la sobriété, et le détachement des gains honteux.",data/catalog/transcripts/sc-1651552212.txt,1651552212,,Ecclésiologie | Offices de l'Église | Diaconat | Qualifications des diacres | Sanctification et caractère chrétien | Leadership dans l'Église | Éthique du service | Remplissage du Saint-Esprit,"Rappel du cadre biblique : deux offices formels dans l'Église, les anciens et les diacres, chacun avec un rôle distinct | Mise en garde contre les motivations pragmatiques (compétences, ancienneté, désir de fidéliser) qui conduisent à nommer des diacres non qualifiés | Principe fondamental : l'être précède le faire — les qualifications sont spirituelles, universelles et non négociables (1 Tm 3.14-16) | Première qualification : la dignité — honneur, sérieux, exemplarité dans la repentance et le service | Deuxième qualification : l'éloignement de la duplicité — langue et cœur cohérents, discrétion dans les situations pastorales délicates | Troisième et quatrième qualifications : sobriété (maîtrise de soi et des appétits) et détachement des gains honteux (gestion saine de l'argent)",Augustin | John Wesley,Actes 6:2-3 | 1 Timothée 3:14-16 | Éphésiens 4,"En quoi le principe 'l'être avant le faire' change-t-il concrètement la manière dont votre Église identifie ses serviteurs ? | Quels critères pragmatiques vous semblent les plus tentants dans votre contexte, et comment les Écritures les corrigent-ils ? | Comment la qualification de 'dignité' se manifeste-t-elle différemment d'une perfection morale apparente ? Quels comportements concrets l'illustrent ? | Pourquoi le détachement de l'argent est-il particulièrement crucial pour ceux qui exercent un rôle de diacre, et comment une Église peut-elle protéger ses serviteurs à cet égard ?"
sc-1651552182,soundcloud,Leçon n°5,fr,2023-10-28,4272,,David Pelosi,default-rule,,5,,,,1 Timothée 3:8-13,teaching,False,"Avant de servir l'Église, un diacre doit d'abord savoir gouverner sa propre maison — et y aimer comme Christ aime.","Cette leçon explore les qualifications que la Bible exige des diacres, non pas ce qu'ils font, mais ce qu'ils sont. Elle montre pourquoi l'intégrité morale, la saine doctrine et la vie de famille ne sont pas des détails secondaires mais les fondements mêmes du service. Si vous vous interrogez sur ce que Dieu attend d'un serviteur fidèle dans son Église, cette étude vous donnera des repères solides et pratiques.","Le prédicateur passe en revue les qualifications bibliques des diacres telles qu'exposées en 1 Timothée 3, en insistant sur la priorité de l'être sur le faire. Il développe quatre qualifications relationnelles : conserver les mystères de la foi avec une conscience pure, être éprouvé et irréprochable dans le service, être moralement sans tache, et diriger sa maison avec équilibre et amour. Il conclut que la vie familiale authentique est le premier terrain d'entraînement et le meilleur révélateur de la spiritualité d'un diacre.",data/catalog/transcripts/sc-1651552182.txt,1651552182,,Ecclésiologie | Diaconat | Qualifications des officiers d'Église | Leadership serviteur | Intégrité morale | Vie de famille et ministère | Doctrine et conscience pure | 1 Timothée 3,"Rappel des leçons précédentes : le diaconat libère les anciens pour la prière et l'enseignement, et ses qualifications sont universelles, solennelles et non négociables. | Les qualifications sont spirituelles : elles sont l'œuvre du Saint-Esprit, non le produit d'une capacité humaine, ce qui exclut tout orgueil chez celui qui les possède. | Les quatre qualifications personnelles déjà vues (dignité, exemption de duplicité, sobriété, éloignement du gain sordide) forment le caractère intérieur du diacre. | Première qualification relationnelle : conserver les mystères de la foi dans une conscience pure — le diacre doit connaître et vivre l'évangile, même s'il n'a pas la profondeur doctrinale d'un ancien. | Deuxième et troisième qualifications relationnelles : être mis à l'épreuve avant d'être confirmé, et demeurer moralement irréprochable — une disqualification morale suspend l'exercice de l'office. | Quatrième qualification relationnelle : diriger sa maison de manière exemplaire — son rapport à son épouse, à ses enfants et à la gestion du foyer révèle sa capacité à servir la maison de Dieu.",Lloyd-Jones | MacArthur | HeartCry | Paul Hachère | Andy Hamilton,Actes 6 | 1 Timothée 3:14-16 | Matthieu 7 | Éphésiens 5,En quoi la vie familiale d'un diacre est-elle un révélateur plus fiable de sa spiritualité que ses capacités ou ses accomplissements visibles à l'église ? | Comment votre église évalue-t-elle concrètement les candidats au diaconat avant de les confirmer dans leurs fonctions ? Quelles responsabilités progressives leur confie-t-elle ? | Quelle est la différence entre être disqualifié pour un office et perdre son salut ? Pourquoi cette distinction est-elle importante pour la santé de l'Église ? | En quoi le fait de « conserver les mystères de la foi dans une conscience pure » est-il une exigence aussi bien doctrinale que morale pour un diacre ?
sc-1650134268,soundcloud,Introduction,fr,2023-10-26,3587,,David Pelosi,default-rule,,,,,,Galates 1:1-9,teaching,False,"Avant d'ouvrir Galates, comprendre pourquoi cette lettre a libéré Luther — et peut encore nous libérer aujourd'hui.","Cette prédication introduit une nouvelle série sur l'épître aux Galates en posant les fondements historiques, littéraires et théologiques nécessaires pour bien la lire. Le prédicateur explique pourquoi Paul a écrit avec une telle passion, qui étaient les destinataires, et quel danger précis menaçait ces jeunes églises. C'est une entrée en matière solide pour quiconque veut comprendre la justification par la foi sans la caricaturer ni la réduire.","Le prédicateur présente Galates comme l'une des premières lettres de Paul, rédigée après son premier voyage missionnaire pour défendre l'évangile de la justification par la foi contre des judéo-chrétiens qui exigeaient l'observance de la loi. Il retrace le contexte historique des Galates (Celtes installés en Asie Mineure), leur tendance à la superstition, et l'urgence pastorale qui pousse Paul à écrire avec autant d'émotion. Il souligne enfin l'importance de cette lettre dans l'histoire de l'interprétation biblique, de Chrysostome à Luther, et annonce les trois grands thèmes : autorité apostolique, justification par la foi, et sanctification par l'Esprit.",data/catalog/transcripts/sc-1650134268.txt,1650134268,,Herméneutique | Prédication expositionnelle | Ecclésiologie | Épître aux Galates | Justification par la foi | Imputation | Autorité apostolique | Sanctification,"La lettre aux Galates est probablement la première épître paulinienne, écrite juste après le premier voyage missionnaire et avant le concile de Jérusalem (vers 49 ap. J.-C.). | Les destinataires sont probablement les églises du sud de la Galatie, des populations majoritairement païennes aux tendances superstitieuses, tentées d'ajouter des rituels à la foi en Christ. | Le danger n'est pas un rejet de Jésus, mais l'idée que Jésus seul ne suffit pas : 'Jésus plus quelque chose', une subtilité qui a aussi caractérisé la crise de la Réforme. | Paul défend son autorité apostolique non par orgueil, mais pour protéger le fondement de l'évangile que ses opposants cherchaient à miner en discréditant sa personne. | La justification par la foi signifie une déclaration légale : l'obéissance parfaite du Christ est imputée au croyant, et la condamnation du croyant est imputée au Christ — rien ne peut y être ajouté. | La sanctification découle naturellement de la justification : celui qui est véritablement né de nouveau progresse par la contemplation de l'œuvre du Christ, non par la performance rituelle.",Gamaliel | Chrysostome | Origène | Jean Calvin | Martin Luther | Lloyd Jones | Catherine von Bora,Galates 3:10 | Galates 4:19 | Romains | Apocalypse | 1 Corinthiens 2:2,"En quoi la distinction entre 'Jésus seul' et 'Jésus plus quelque chose' est-elle encore pertinente dans votre compréhension personnelle du salut ? | Comment reconnaître concrètement dans votre vie des attitudes superstitieuses ou légalistes qui ajoutent quelque chose à l'obéissance parfaite de Christ ? | Pourquoi est-il important que Paul défende son autorité apostolique avant d'exposer sa doctrine ? Qu'est-ce que cela nous dit sur le lien entre autorité et message ? | De quelle manière la justification par la foi devrait-elle transformer notre rapport à la sanctification, en évitant à la fois le légalisme et la licence ?"
sc-1650117738,soundcloud,Leçon 3 - Baptême du croyant,fr,2023-10-26,3266,,David Pelosi,default-rule,,3,,,,Actes 2:39,teaching,False,,,"Cette leçon (leçon 3 sur le baptême du croyant) présente et défend la position crédobaptiste réformée en la distinguant du pédobaptisme presbytérien et congrégationaliste, ainsi que des conceptions catholique et luthérienne qui attribuent au baptême une grâce opérée automatiquement. Le prédicateur développe la théologie des alliances pour montrer que la Nouvelle Alliance, caractérisée par la foi et la circoncision du cœur, exige que seuls les croyants reçoivent le baptême comme signe et sceau d'une réalité spirituelle déjà présente. Il répond aussi aux arguments pédobaptistes (baptêmes de familles, Actes 2:39, continuité de la circoncision) et souligne l'importance de fonder ses convictions sur les Écritures plutôt que sur la tradition ou l'expérience personnelle.",data/catalog/transcripts/sc-1650117738.txt,1650117738,,Baptême du croyant | Théologie des alliances | Ecclésiologie | Herméneutique biblique | Pédobaptisme | Sotériologie | Ordonnances de l'Église,,,Jérémie 31 | Galates | Romains 4 | Colossiens 2 | Matthieu 10:34-36 | Éphésiens 1:4,
yt-snB851daJXk,youtube,Introduction à l'épitre de Paul aux,fr,,,3600,David Pelosi,default-rule,Épître aux Galates,,71,Gal,Gal,,sermon,False,,,,,,snB851daJXk,,,,,
yt-gj17HMaMOyY,youtube,La Bible 3ème Partie,fr,,,2990,David Pelosi,default-rule,,,,,,,sermon,False,La transcription de ce sermon est inexploitable — le contenu audio n'a pas été capturé correctement par la reconnaissance automatique.,Ce sermon sur la Bible (3ème partie) n'a pas pu être analysé en raison d'une transcription automatique totalement corrompue. Les données affichées sont minimales et ne reflètent pas le contenu réel de la prédication. Nous vous invitons à écouter directement l'enregistrement audio ou vidéo.,"La transcription fournie est non exploitable : elle consiste en répétitions de fragments sans sens ('Le verset 45', 'Je vais marcher 45') générés par une erreur de reconnaissance vocale. Le contenu réel du sermon sur la Bible (3ème partie) ne peut pas être résumé à partir de ce matériau.",data/catalog/transcripts/yt-gj17HMaMOyY.txt,,gj17HMaMOyY,Bible | Révélation | Écriture Sainte,"Transcription ASR corrompue — aucun contenu exploitable | Le titre indique une série sur la Bible, 3ème partie | Aucun argument, passage ou développement n'est reconstituable",,,Qu'est-ce que la Bible révèle sur la nature et le caractère de Dieu ? | Comment approcher l'étude de la Bible de manière à la fois rigoureuse et dévotionnelle ? | En quoi la Bible est-elle suffisante pour guider la vie chrétienne au quotidien ?
yt-sjG__9VrXM0,youtube,La Bible 1ère Partie,fr,,,3055,David Pelosi,default-rule,,,,,,Psaumes 19:8,sermon,False,"Si Dieu existe vraiment, pourquoi lui consacrons-nous si peu de place ? Une question qui brûle — et qui change tout.","Ce sermon aborde la question la plus fondamentale avant de parler de la Bible : pourquoi croire que Dieu existe, et pourquoi faire confiance au Dieu des chrétiens ? Le pasteur partage son propre cheminement avec une honnêteté rare, sans esquiver le doute. Une prédication sobre et directe, utile autant aux nouveaux venus qu'aux croyants de longue date.","Le pasteur ouvre une série mensuelle sur la Bible en posant trois questions préalables : Dieu existe-t-il ? Pourquoi le Dieu des chrétiens plutôt qu'un autre ? Et que pense-t-on personnellement de Jésus ? Il argumente que sans réponses solides à ces questions, la lecture de la Bible reste sans fondement. Il conclut en invitant chacun à évaluer honnêtement la place réelle accordée à Dieu dans sa vie.",data/catalog/transcripts/yt-sjG__9VrXM0.txt,,sjG__9VrXM0,Apologétique | Autorité de la Bible | Existence de Dieu | Unicité de Jésus-Christ | Christologie | Repentance | Lecture de la Bible | Foi et doute,"La Bible est présentée comme bien plus qu'un simple livre : un guide essentiel pour la vie chrétienne, y compris dans les moments difficiles. | Première question fondamentale : est-ce que Dieu existe ? Le pasteur témoigne de son propre questionnement et juge l'évolution seule insuffisante pour expliquer la complexité humaine. | Deuxième question : pourquoi le Dieu des chrétiens ? Réponse centrée sur la personne unique et incomparable de Jésus-Christ, confirmée par l'histoire. | Troisième question : que pense-t-on soi-même de Jésus ? Le pasteur raisonne qu'il est plus difficile de croire que quelqu'un ait inventé et maintenu cette histoire pendant 2000 ans que d'accepter sa véracité. | La répentance est redéfinie : non seulement pour les péchés, mais pour le décalage entre ce que l'on croit et la place réelle accordée à Dieu dans sa vie. | Appel final à lire la Bible par désir et non par obligation, illustré par l'histoire d'un arrière-arrière-grand-père converti en lisant une Bible trouvée dans une poubelle.",,Psaumes 23 | Psaumes 1 | Colossiens 3:16,"Quelles sont les raisons personnelles — sociales, intellectuelles ou spirituelles — qui fondent votre propre croyance en Dieu ? Avez-vous déjà pris le temps de les examiner honnêtement ? | Face aux trois questions posées dans ce sermon (Dieu existe-t-il ? Pourquoi le Dieu des chrétiens ? Que pensez-vous de Jésus ?), laquelle vous a le plus interpellé et pourquoi ? | Quelle proportion réelle de votre temps et de vos priorités quotidiennes reflète ce que vous dites croire ? Y a-t-il un écart que vous reconnaissez ? | Comment passer d'une lecture de la Bible vécue comme une obligation à une lecture vécue comme un désir ? Qu'est-ce qui pourrait changer concrètement pour vous ?"
yt-uhX8wbxSQ1g,youtube,Aimer Dieu de Tout Coeur [Chasse au Roi : 4/8],fr,,,3537,David Pelosi,default-rule,,,,,,Marc 12:28-34,sermon,False,"Aimer Dieu de tout son cœur : que signifie vraiment le premier commandement, et pourquoi Jésus le place-t-il au-dessus de tout?","Dans Marc 12, un scribe pose à Jésus une question sincère : quel est le premier commandement? Ce sermon explore ce moment rare où un expert de la loi s'approche non pour piéger Jésus, mais avec une véritable ouverture. On y réfléchit à ce que signifie aimer Dieu de tout son être — cœur, âme, intelligence, force — et à ce que cela implique concrètement pour notre vie de disciple.","Dans Marc 12, après plusieurs échanges conflictuels avec les chefs religieux d'Israël, un scribe se distingue en abordant Jésus avec une attitude d'admiration plutôt qu'hostilité. Jésus lui répond en citant le Shema d'Israël : aimer Dieu de tout son cœur, de toute son âme, de toute son intelligence et de toute sa force, puis aimer son prochain comme soi-même. Le sermon souligne que ces deux commandements résument toute la loi et les prophètes, et invite les auditeurs à examiner la sincérité et la totalité de leur amour pour Dieu.",data/catalog/transcripts/yt-uhX8wbxSQ1g.txt,,uhX8wbxSQ1g,Éthique biblique | Loi et Évangile | Grands commandements | Amour de Dieu | Amour du prochain | Shema Israël | Discipulat | Cœur et obéissance,"Les précédents débats opposaient Jésus aux sanhédrins, pharisiens, hérodiens et sadducéens dans une intention hostile | Un scribe — spécialiste de la loi, chargé d'étudier et de transcrire l'Écriture — s'approche avec une attitude d'admiration sincère | Jésus cite le Shema (Deutéronome 6:4-5) comme premier et plus grand commandement | Le second commandement, aimer son prochain comme soi-même (Lévitique 19:18), est présenté comme inséparable du premier | Jésus affirme qu'il n'y a pas de commandement plus grand que ces deux-là | Le scribe approuve la réponse de Jésus, reconnaissant que ces commandements valent plus que tous les holocaustes et sacrifices",,Deutéronome 6:4-5 | Lévitique 19:18,"Qu'est-ce que cela signifie concrètement d'aimer Dieu 'de toute son intelligence' dans votre vie quotidienne? | En quoi l'attitude du scribe — sincère et ouverte — diffère-t-elle de celle des autres interlocuteurs de Jésus, et qu'est-ce que cela nous apprend sur la manière d'approcher la Parole? | Comment les deux grands commandements — aimer Dieu et aimer le prochain — s'articulent-ils dans votre vie d'église et de communauté? | Peut-on vraiment prétendre aimer Dieu tout en négligeant l'amour du prochain? Pourquoi Jésus les unit-il si étroitement?"
yt-NDCyRMRt6xw,youtube,"Paul, the Theologian, Evangelist, and Christian [GAL.003]",en,,,3600,,,,,,,,Galates 1:1-5,sermon,False,"Paul : théologien, évangéliste, chrétien — trois visages d'un homme façonné par la grâce pour changer le monde.","Cette prédication invite à regarder Paul non comme une figure inaccessible, mais comme un homme ordinaire transformé par une grâce extraordinaire. On y découvre comment sa formation intellectuelle, sa conversion radicale et sa coopération constante avec le Saint-Esprit ont fait de lui un modèle pour chaque chrétien. Si vous vous interrogez sur le rôle de vos capacités naturelles dans votre vocation, ou sur le lien entre théologie et vie chrétienne concrète, ce message vous donnera matière à réfléchir.","Le prédicateur présente Paul sous trois angles complémentaires : chef-d'œuvre de la grâce préparatoire de Dieu avant sa conversion, trophée de la grâce salvatrice lors de sa rencontre avec Christ, et modèle de coopération diligente avec la grâce rédemptrice du Saint-Esprit dans sa vie chrétienne. Cette triple lecture éclaire à la fois la défense paulinienne de son apostolat dans Galates 1 et les enjeux de la justification par la foi que la lettre entend défendre. L'appel final est que chaque croyant imite Paul en s'engageant avec la même diligence dans la théologie, l'évangélisation et la conformité à Christ.",data/catalog/transcripts/yt-NDCyRMRt6xw.txt,,NDCyRMRt6xw,Sotériologie | Justification par la foi | Grâce souveraine | Apostolat et autorité apostolique | Sanctification | Évangélisation et mission | Théologie paulinienne | Vocation chrétienne,"Paul a été préparé souverainement par Dieu avant sa conversion : sa formation grecque, romaine et hébraïque, sa rigueur intellectuelle et son zèle étaient déjà l'œuvre de la grâce prévenante. | Sa conversion — alors qu'il persécutait l'Église — fait de lui le trophée par excellence de la grâce salvatrice, ce qui fonde son autorité pour défendre la justification par la foi seule. | En tant que chrétien, Paul a coopéré activement avec la grâce rédemptrice du Saint-Esprit : période de retraite en Arabie, étude constante des Écritures, effort théologique progressif. | Comme évangéliste, Paul s'adaptait à ses auditoires sans jamais compromettre l'Évangile, et son ministère visait toujours la formation d'églises locales solidement établies plutôt que de simples conversions individuelles. | Paul demeure avant tout un chrétien dont l'identité est enracinée dans l'intimité avec Christ — 'vivre c'est Christ, mourir est un gain' — et c'est de là que découlent sa théologie et son service. | Le prédicateur applique ces trois dimensions à l'assemblée : exercer sa connaissance de Dieu, s'engager dans l'évangélisation et chercher la conformité à Christ par une coopération diligente avec le Saint-Esprit.",James Dunn | Philippe Schaff | Robert Reymond | Gresham Machen | Gamaliel | Lloyd-Jones,Galates 1:13-16 | Galates 5:1 | Romains 6 | Romains 7 | Romains 8 | Romains 9 | 1 Corinthiens 2:1-5 | 2 Corinthiens 11-12 | Philippiens 3 | Matthieu 16 | Marc 8 | Actes 9 | Actes 13-16 | 2 Timothée 4,"En quoi la connaissance précise de Dieu (la théologie) influence-t-elle concrètement votre manière de vivre et de sanctifier votre vie au quotidien ? | Comment distinguez-vous, dans votre propre parcours, l'œuvre préparatoire de Dieu avant votre conversion et la coopération que Dieu vous demande après votre conversion ? | Qu'est-ce que le modèle d'évangélisation de Paul — centré sur l'église locale, sans compromis sur l'Évangile — remet en question dans vos pratiques ou conceptions actuelles du témoignage ? | Paul se définit avant tout comme un 'esclave du Christ' plutôt que comme apôtre : quelle place occupe l'intimité avec Christ dans votre identité chrétienne, au-delà de vos activités et de vos dons ?"
yt-Tqu-GLCEgbA,youtube,Being a Witness of Christ,en,,,3205,,,,,,,,Actes 8:26-38,sermon,False,"Être témoin du Christ, c'est l'identité première du chrétien — et l'évangélisation authentique en est la preuve vivante.","Ce sermon repart d'un récit souvent survolé — la conversion de l'eunuque éthiopien — pour poser deux questions qui engagent toute la vie chrétienne : qu'est-ce qu'évangéliser vraiment, et qu'est-ce qu'une vraie conversion ? La prédication est ancrée dans Actes 8 et suit pas à pas le modèle de Philippe, entre soumission à l'Esprit et proclamation centrée sur Christ. Elle invite chaque auditeur à redécouvrir que témoigner n'est pas une option parmi d'autres, mais la vocation la plus noble que l'on puisse embrasser.","À partir d'Actes 8, le prédicateur montre comment la conversion authentique de l'eunuque éthiopien est le fruit d'une évangélisation véritablement biblique, incarnée par Philippe. Il développe deux marques essentielles du témoin chrétien : la soumission à la direction du Christ et du Saint-Esprit, et la proclamation de Christ lui-même à partir des Écritures. Le sermon appelle chaque chrétien à embrasser son identité de témoin comme la signification la plus sublime de sa vie terrestre.",data/catalog/transcripts/yt-Tqu-GLCEgbA.txt,,Tqu-GLCEgbA,Évangélisation | Témoignage chrétien | Conversion authentique | Pneumatologie | Missiologie | Actes des Apôtres | Sotériologie | Vocation du laïcat,"La nature de l'évangélisation détermine la nature de la conversion : de faux moyens produisent de fausses conversions, comme l'illustre le contre-exemple de Simon le Magicien. | L'Esprit-Saint a pour fonction première de révéler Christ et de faire de chaque croyant un témoin oculaire, selon Actes 1:8. | Philippe est soumis rapidement et sacrificiellement à la direction du Seigneur, quittant un réveil spectaculaire en Samarie pour aller seul dans le désert. | La soumission à l'Esprit place le témoin dans des circonstances avantageuses : l'eunuque lisait Ésaïe 53 au moment précis de la rencontre. | L'évangélisation authentique consiste à proclamer Christ à partir des Écritures, non à présenter une opinion personnelle ou une promesse d'amélioration de vie. | La réponse de l'eunuque — baptême et confession de foi — est le fruit naturel d'une évangélisation fidèle, et le modèle pour toute l'Église jusqu'aux extrémités de la terre.",Tertullien | Jonathan Edwards | Martyn Lloyd-Jones | Jean Calvin,Actes 1:8 | Actes 8:4-25 | Ésaïe 53 | Éphésiens 5-6 | Matthieu 28:18-20,"En quoi la nature de l'évangélisation que vous pratiquez influence-t-elle la qualité des conversions que vous observez autour de vous ? | Quels sacrifices concrets seriez-vous prêts à faire — comme Philippe quittant la Samarie pour le désert — pour vous rendre disponible à l'évangélisation ? | Comment distinguer une vraie conversion d'une fausse, à la lumière du contraste entre Simon le Magicien et l'eunuque éthiopien ? | Qu'est-ce que cela change dans votre manière d'évangéliser de savoir que c'est le Christ ressuscité, assis sur son trône, qui envoie et qui sauve ?"
yt-FDcy9KUQM6s,youtube,Comment Voir Dieu? [Des Yeux pour Voir - 04],fr,,,2560,David Pelosi,default-rule,,,,,,Marc 8:22-26,sermon,False,Voir Dieu est l'aspiration la plus profonde de tout être humain — mais cela exige une guérison que seul le Christ peut opérer.,"Cette prédication part d'une question simple et vertigineuse : comment peut-on voir Dieu ? À partir du miracle de l'aveugle de Bethsaïda en Marc 8, le prédicateur montre que notre cécité spirituelle est réelle, que personne ne peut s'en guérir seul, et que Christ est à la fois le point de départ et la lentille permanente à travers laquelle nous voyons Dieu. Une prédication honnête, ancrée dans le texte, avec des applications concrètes pour les non-croyants comme pour les chrétiens de longue date.","À partir du miracle de la guérison progressive de l'aveugle de Bethsaïda (Marc 8), la prédication explore la cécité spirituelle comme condition universelle et la nécessité d'une intervention divine pour la surmonter. Le prédicateur développe quatre étapes pratiques : reconnaître son besoin, se confier entièrement au Christ, permettre à Christ d'évaluer constamment notre vision, et regarder fixement et exclusivement Christ. Il souligne que la guérison spirituelle est à la fois un don initial (la conversion) et un processus progressif, nécessitant des touches répétées de Dieu.",data/catalog/transcripts/yt-FDcy9KUQM6s.txt,,FDcy9KUQM6s,Sotériologie | Cécité spirituelle | Régénération | Sanctification progressive | Révélation de Dieu | Gloire de Dieu | Évangélisation | Vision de Dieu,"L'aspiration à voir Dieu est le désir le plus profond de tout être humain, souvent poursuivi inconsciemment à travers d'autres quêtes. | La gloire de Dieu est si intense que même les anges doivent se voiler la face ; personne ne peut voir Dieu sans qu'il se révèle lui-même. | Le miracle de l'aveugle en Marc 8 illustre la cécité spirituelle persistante — même chez les disciples — et le caractère progressif de la guérison. | Quatre conditions pour voir Dieu : reconnaître son besoin, se confier entièrement au Christ, accepter l'évaluation continuelle du Christ, et fixer le regard sur lui exclusivement. | L'évangélisation consiste à amener les personnes à la présence du Christ et à prier pour elles — ni plus, ni moins. | La deuxième touche du Christ représente la croissance spirituelle continue et l'appel à ne jamais se contenter d'une vision partielle.",Augustin | C.S. Lewis,1 Corinthiens 13:12 | Hébreux 1:1-2 | 1 Pierre 2:9,"En quoi la guérison de l'aveugle en deux étapes vous parle-t-elle de votre propre parcours spirituel ? Y a-t-il eu une première et une deuxième « touche » dans votre vie ? | Qu'est-ce qui vous empêche d'être totalement honnête avec Christ sur l'état de votre vision spirituelle, comme l'a été l'aveugle de Bethsaïda ? | Comment votre manière d'évangéliser ressemble-t-elle (ou diffère-t-elle) de celle des amis qui ont amené l'aveugle à Jésus ? | Que signifie concrètement 'regarder fixement et exclusivement le Christ' dans votre vie quotidienne cette semaine ?"
yt-yCBKVjfAfhQ,youtube,Le Vrai Christ : L'Abandonné de Dieu [cROIx 08/13],fr,,,3405,David Pelosi,default-rule,,,,,,Marc 15:33-36,sermon,False,"À la croix, Jésus subit l'abandon de Dieu à notre place — l'enfer condensé sur l'Innocent pour que nous soyons couverts de sa dignité.","Ce sermon médite l'un des cris les plus énigmatiques de toute l'Écriture : 'Mon Dieu, mon Dieu, pourquoi m'as-tu abandonné ?' Le prédicateur prend le temps d'ancrer ce cri dans la théologie biblique du Jour du Seigneur, dans la réalité de la colère divine et dans la profondeur de la substitution vicaire. C'est une prédication qui ne cherche pas à rassurer à bon marché, mais à faire mesurer ce que l'évangile coûte — et ce qu'il donne.","À partir de Marc 15, le prédicateur montre que les trois heures de ténèbres au Calvaire constituent une anticipation du Jour du Seigneur annoncé par les prophètes : un jugement cosmique établi par Dieu lui-même. Le cri d'abandon de Jésus révèle qu'il a subi une réprobation réelle et surnaturelle, portant la laideur condensée de tous les pécheurs, afin que ceux qui sont en Christ soient revêtus de sa dignité devant le Père. L'enfer est ainsi compris comme la dilution éternelle de ce que Christ a vécu de manière concentrée pendant ces trois heures.",data/catalog/transcripts/yt-yCBKVjfAfhQ.txt,,yCBKVjfAfhQ,Sotériologie | Eschatologie | Jour du Seigneur | Substitution pénale vicaire | Colère de Dieu | Abandon du Christ | Imputation | Justification,"Les ténèbres de midi au Calvaire sont un acte souverain de Dieu, non de Satan, signalant un jugement cosmique. | Les prophètes (Joël, Amos, Sophonie) décrivent le Jour du Seigneur par l'obscurcissement du soleil — signe que la croix anticipe ce jugement final. | La création souffre et gémit (Romains 8) parce que l'homme l'a détournée de sa vocation de glorification de Dieu. | Le cri de Jésus en Marc 15.34 atteste un abandon réel de la part du Père : Christ subit la réprobation que méritent les pécheurs. | L'unicité de cet abandon tient à l'arrière-plan du Fils éternel et à la condensation de la vilité de tous les rachetés reposant sur lui. | Ceux qui sont en Christ sont désormais couverts de sa dignité : Dieu cherche les ténèbres en eux et ne les trouve pas.",Jonathan Edwards | Joël 1.15 ; 2.10 ; 2.30 | Amos 5 ; 8.9 | Sophonie 1.14 | Romains 8 | Galates 3 | 2 Corinthiens 5.21 | Psaume 27 | Matthieu (ténèbres du dehors) | Marc 13 | Habacuc,Romains 8 | Joël 1:15 | Joël 2:10 | Joël 2:30 | Amos 5:18 | Amos 8:9 | Sophonie 1:14 | Psaume 27:1 | Galates 3:13 | 2 Corinthiens 5:21 | Marc 13:24-26 | Matthieu (ténèbres du dehors),"En quoi la compréhension prophétique du 'Jour du Seigneur' (Joël, Amos, Sophonie) transforme-t-elle votre lecture des trois heures de ténèbres au Calvaire ? | Pourquoi le prédicateur insiste-t-il sur le fait que l'abandon du Christ était d'un ordre qualitativement unique, lié à son arrière-plan de communion trinitaire éternelle ? | Comment la réalité de la colère de Dieu envers le péché — et non seulement envers les actes — change-t-elle votre compréhension de l'évangile et de votre propre besoin de grâce ? | Si les croyants sont désormais 'couverts de la dignité du Christ', quelles conséquences pratiques cela a-t-il sur la manière dont vous vous présentez devant Dieu dans la prière et dans la vie quotidienne ?"
yt-LAcVjq-mfJc,youtube,La Suffisance et la Clarté de La Bible,fr,,,3021,David Pelosi,default-rule,,,,,,,sermon,False,"La Bible suffit-elle vraiment, et peut-on la comprendre ? Deux affirmations réformées qui changent tout.","Ces deux propriétés de l'Écriture — sa suffisance et sa clarté — sont souvent niées ou mal comprises, même dans les milieux évangéliques. Cette prédication les examine sérieusement, à partir des textes bibliques eux-mêmes. Une étude utile pour quiconque se demande si la Bible seule peut vraiment guider la vie chrétienne.","La transcription fournie ne contient pas de contenu exploitable : elle se limite à la répétition de la phrase « La parole de Dieu » sans aucun développement textuel. Il est donc impossible de produire un résumé fidèle, des points clés, des citations verbatim ou des chapitres ancrés dans le transcript. Les champs ci-dessous reflètent uniquement ce qui peut être confirmé à partir du titre de la série.",data/catalog/transcripts/yt-LAcVjq-mfJc.txt,,LAcVjq-mfJc,Bibliologie | Parole de Dieu | Suffisance de l'Écriture | Perspicuité de l'Écriture | Sola Scriptura,La transcription ne contient aucun contenu prêchable exploitable | Le titre indique un enseignement sur la suffisance de l'Écriture | Le titre indique un enseignement sur la clarté (perspicuité) de l'Écriture | Il s'agit du quatrième épisode d'une série en cinq parties sur la Parole de Dieu,,,En quoi la doctrine de la suffisance de l'Écriture remet-elle en question le recours à des traditions ou enseignements extra-bibliques ? | Que signifie affirmer que la Bible est 'claire' sans prétendre qu'elle est toujours facile à interpréter ? | Comment la suffisance de l'Écriture doit-elle orienter concrètement la vie d'un chrétien au quotidien ? | Quels passages bibliques vous semblent les plus convaincants pour défendre la clarté de l'Écriture ?
yt-oLoNQjP0ZoU,youtube,A LA RECHERCHE DU BONHEUR 3/6,fr,,,2652,David Pelosi,default-rule,,,,,,,sermon,False,,,,,,oLoNQjP0ZoU,,,,,
yt-Tq-6inKs7nk,youtube,"Paul, the Natural Man [GAL.002]",en,,,3583,,,,,,,,,sermon,False,,,,,,Tq-6inKs7nk,,,,,
yt-1tLNBV_tWBo,youtube,Que voulez-vous de Dieu? [deCOURAGEment 06],fr,,,3149,David Pelosi,default-rule,,,,,,,sermon,False,,,,,,1tLNBV_tWBo,,,,,
yt-nTrSEHDkXqM,youtube,Questions et Réponses - Leçons 1 - 3,fr,,,1578,David Pelosi,default-rule,,,,,,Genèse 1-3,qa,False,"Genèse 1-3 sous la loupe : questions vives sur la connaissance, la chute, le serpent et la complémentarité homme-femme.","Cette session de questions-réponses prolonge l'étude de Genèse 1-3 avec des échanges francs sur des passages souvent mal compris. On y aborde la nature de la connaissance du bien et du mal, le sens de l'arbre de vie, la punition du serpent et les implications de la chute sur les relations homme-femme. Un format vivant, ancré dans le texte, qui invite à penser sans esquiver les difficultés.","Cette session de questions-réponses explore plusieurs enjeux théologiques de Genèse 1-3 : la différence entre la connaissance divine et la connaissance humaine expérimentale du mal, la grâce souveraine de Dieu empêchant l'homme de manger de l'arbre de vie après la chute, et les implications de la punition sur la complémentarité homme-femme. Le proto-évangile, le symbolisme des chérubins et la nature des arbres du jardin sont également discutés à la lumière du Nouveau Testament.",data/catalog/transcripts/yt-nTrSEHDkXqM.txt,,nTrSEHDkXqM,Herméneutique | Théologie de la création | Anthropologie biblique | Hamartologie | Proto-évangile | Pacte des œuvres | Complémentarité homme-femme | Grâce souveraine,"La connaissance du bien et du mal chez l'homme est une connaissance expérientielle du mal, distincte de la connaissance omnisciente et normative de Dieu. | Dieu empêche l'homme de manger de l'arbre de vie après la chute par grâce souveraine, pour que la condition corrompue ne devienne pas éternelle. | Le proto-évangile (Gn 3:15) annonce Christ à travers le singulier 'descendance', tel que l'apôtre Paul l'exploite. | Les chérubins gardant l'Eden symbolisent l'humanité glorifiée et restaurée, promesse d'un retour futur au paradis. | La punition de l'homme et de la femme touche l'essence et l'utilité de chacun, révélant la rupture de la complémentarité voulue par Dieu à l'image de la Trinité. | Les arbres du jardin sont des signes choisis par Dieu dans le cadre d'un pacte, dont la portée dépasse leur matérialité, avec un écho eucharistique dans le 'prends et mange'.",René Girard | Paul (apôtre),Genèse 3:15 | Genèse 3:16 | Éphésiens (allusion au choix avant la fondation du monde) | Romains 8 (la création qui gémit) | Jean (le Paraclet),"En quoi la connaissance expérientielle du mal acquise lors de la chute diffère-t-elle fondamentalement de la connaissance que Dieu a du bien et du mal ? | Comment la grâce souveraine de Dieu se manifeste-t-elle dès Genèse 3, avant même la révélation complète de l'Évangile ? | De quelle manière la complémentarité originelle de l'homme et de la femme reflète-t-elle la relation intratrinitaire, et comment la chute a-t-elle brisé cette harmonie ? | Comment lire les éléments symboliques de Genèse (arbres, serpent, chérubins) de façon littérale sans compromettre les vérités doctrinales qu'ils portent ?"
yt-lWtea4iQzKw,youtube,Inspiré de Dieu,fr,,,2741,David Pelosi,default-rule,,,,,,,sermon,False,,,,,,lWtea4iQzKw,,,,,
yt-m4U4zENp9KY,youtube,L'argent à la place de Dieu [FAUX DIEUX 2/7],fr,,,3679,David Pelosi,default-rule,,,,,,,sermon,False,,,,,,m4U4zENp9KY,,,,,
yt-HOjW63LMfhQ,youtube,"Authentic Conversion, Responsible Ambassadors",en,,,4480,,,,,,,,2 Corinthiens 5:17-20,sermon,False,Être converti ne suffit pas : le croyant est appelé à devenir un ambassadeur responsable de l'Évangile devant le monde.,"Cette prédication interroge ce que signifie une conversion authentique et ce qu'elle implique concrètement pour la vie chrétienne. Elle explore le lien entre la transformation intérieure et la vocation missionnaire de tout croyant. Si vous vous demandez comment votre foi devrait façonner votre témoignage quotidien, cette étude mérite votre attention.","La prédication articule deux réalités indissociables : la conversion authentique, qui est une œuvre souveraine de Dieu dans le cœur humain, et la responsabilité missionnaire qui en découle pour chaque croyant. Le prédicateur montre que celui qui a vraiment été transformé par l'Évangile ne peut rester passif, mais est constitué ambassadeur du Christ dans son milieu. L'appel final presse l'auditeur à examiner la réalité de sa conversion et la fidélité de son témoignage.",data/catalog/transcripts/yt-HOjW63LMfhQ.txt,,HOjW63LMfhQ,Sotériologie | Conversion | Régénération | Évangélisation | Mission chrétienne | Ambassadeurs du Christ | Vie chrétienne | Témoignage,"La conversion authentique est une transformation radicale opérée par Dieu, non une simple décision humaine. | Une conversion véritable produit des fruits visibles et un changement de vie durable. | Tout croyant est constitué ambassadeur du Christ, investi d'une mission de réconciliation. | Cette ambassade exige fidélité au message de l'Évangile, sans compromis ni honte. | L'examen de conscience est nécessaire : suis-je vraiment converti, et est-ce que j'assume ma responsabilité d'ambassadeur ?",,,Quels signes concrets dans votre vie témoignent d'une conversion authentique plutôt que d'une simple adhésion intellectuelle ? | En quoi la métaphore de l'ambassadeur change-t-elle votre manière de comprendre votre responsabilité vis-à-vis de l'Évangile ? | Quels obstacles pratiques vous empêchent d'assumer pleinement votre rôle d'ambassadeur du Christ dans votre entourage ? | Comment distinguer une transformation spirituelle réelle d'un changement de comportement purement humain ?
yt-HGLROgzi8Z0,youtube,Intimité Abominable [Divin Orchestre 03/13],fr,,,3774,David Pelosi,default-rule,,,,,,,sermon,False,,,,,,HGLROgzi8Z0,,,,,
yt-yxvHbUvdq0Y,youtube,L'incredulité choque Dieu - [deCOURAGEment 01],fr,,,2996,David Pelosi,default-rule,,,,,,,sermon,False,,,,,,yxvHbUvdq0Y,,,,,
yt-rXcYUL5ab6Y,youtube,Ce qui est à César et ce qui est à Dieu [Chasse au Roi : 2/8],fr,,,3580,David Pelosi,default-rule,,,,,,,sermon,False,,,,,,rXcYUL5ab6Y,,,,,
yt-izcZo4l8SIQ,youtube,L'Indéniable Divinité du Christ [Chasse au Roi : 6/8],fr,,,3600,David Pelosi,default-rule,,,,,,,sermon,False,,,,,,izcZo4l8SIQ,,,,,
yt-1Bh1GAvozDE,youtube,"Christ, le centre de l'Histoire | Dr Hensworth",en,,,3862,,,,,,Jonah,Jonah,,sermon,True,,,,,,1Bh1GAvozDE,,,,,
yt-5S_axblPJhE,youtube,Le Retour Glorieux du Christ [La Fin des Temps 10],fr,,,3431,David Pelosi,default-rule,,,,,,,sermon,False,,,,,,5S_axblPJhE,,,,,
yt-zJhVVp9LNxg,youtube,Laisse Partir Mon Peuple [PEUPLE DE DIEU 08/15],fr,,,3665,David Pelosi,default-rule,,,,,,,sermon,False,,,,,,zJhVVp9LNxg,,,,,
yt-thxNunTJpKI,youtube,Hypocrisie : L'outrage de la grâce et de la bonté de Dieu,fr,,,3601,David Pelosi,default-rule,Hypocrisie,,3,,,,sermon,False,,,,,,thxNunTJpKI,,,,,
yt-is5Ve6fjMBY,youtube,La Glorieuse Paternité de Dieu [PEUPLE DE DIEU 07/15],fr,,,3526,David Pelosi,default-rule,,,,,,,sermon,False,,,,,,is5Ve6fjMBY,,,,,
yt-CYYRlnPVCd8,youtube,Faites briller la lumière de Dieu,fr,,,2865,David Pelosi,default-rule,,,,,,,sermon,False,,,,,,CYYRlnPVCd8,,,,,
yt-P7WSbckY-lc,youtube,La Seule Conception de Jésus qui Sauve [cROIx 02/13],fr,,,3820,David Pelosi,default-rule,,,,,,,sermon,False,,,,,,P7WSbckY-lc,,,,,
yt-aVbo4n0fl4k,youtube,Prier selon le cœur de Dieu,fr,,,3742,David Pelosi,default-rule,Étude — Psaumes,,6,Ps.40.1-Ps.40.17,Ps,,sermon,False,,,,,,aVbo4n0fl4k,,,,,
yt-IqNmh_XGULE,youtube,Prier selon le cœur de Dieu,fr,,,3555,David Pelosi,default-rule,Étude — Psaumes,,4,Ps.40.1-Ps.40.17,Ps,Psaume 40:1-17,sermon,False,,,"Dans cette quatrième partie d'une série sur la prière à partir du Psaume 40, le prédicateur rappelle que David, type du Christ, nous enseigne à prier avec un cœur fixé sur l'éternel, reconnaissant les bienfaits de Dieu et déterminé à lui obéir même dans la souffrance. Il souligne que la prière authentique s'appuie davantage sur la miséricorde et les compassions de Dieu que sur notre propre innocence, à l'image du Christ au Gethsémani qui a endure la croix pour purger nos péchés. La glorification de Dieu passe par la persévérance dans l'intégrité au milieu des épreuves, rendue possible par le Saint-Esprit et fondée sur la certitude que la grâce surabonde là où le péché abonde.",data/catalog/transcripts/yt-IqNmh_XGULE.txt,,IqNmh_XGULE,Prière | Souffrance et persévérance | Repentance | Christologie | Miséricorde de Dieu | Sainteté et intégrité | Glorification de Dieu,,,Ésaïe 53 | Matthieu 26:36-46 | Luc 22:43-46 | Hébreux 5:7-9 | Psaume 51,
yt-CZkmvAvA4ds,youtube,La Maison du Dieu Omniprésent [ Au DELA de la VUE 9/9 ],fr,,,3427,David Pelosi,default-rule,,,,,,,sermon,False,,,,,,CZkmvAvA4ds,,,,,
yt-aVRg9gjwHsQ,youtube,Je suis l'Eternel [PEUPLE DE DIEU 09/15],fr,,,3706,David Pelosi,default-rule,,,,,,,sermon,False,,,,,,aVRg9gjwHsQ,,,,,
yt-bfgvq2Rh7lQ,youtube,Surmonter L'Incrédulité [PEUPLE DE DIEU 11/15],fr,,,3766,David Pelosi,default-rule,,,,,,,sermon,False,,,,,,bfgvq2Rh7lQ,,,,,
yt-mNqY4f0CYoA,youtube,Seulement la Foi [ REF500 2/5 ],fr,,,2906,David Pelosi,default-rule,,,,,,,sermon,False,,,,,,mNqY4f0CYoA,,,,,
yt-MnyxTg1ZsUU,youtube,Impossible Faire Taire la Voix de Dieu [deCOURAGEment 03],fr,,,2834,David Pelosi,default-rule,,,,,,,sermon,False,,,,,,MnyxTg1ZsUU,,,,,
yt-1fW75nneR_U,youtube,Le Soin Minutieusement Souverain de Dieu [PEUPLE DE DIEU 02/15],fr,,,3302,David Pelosi,default-rule,,,,,,,sermon,False,,,,,,1fW75nneR_U,,,,,
yt-Q9A-bZnqZk4,youtube,Distingués par la Gloire de Dieu - La Pâque [PEUPLE DE DIEU 15/15],fr,,,3624,David Pelosi,default-rule,,,,,,,sermon,False,,,,,,Q9A-bZnqZk4,,,,,
yt-WNAfTDl54b8,youtube,Une toute nouvelle histoire avec Dieu | Dr,en,,,3662,Joël Beeke,title,Étude — Joel,,4,Joel,Joel,,sermon,True,,,,,,WNAfTDl54b8,,,,,
yt-UDD4dPk7k8I,youtube,Le Dieu de l'Histoire | Pr,fr,,,2651,,,Étude — Joel,,3,Joel,Joel,,sermon,True,,,,,,UDD4dPk7k8I,,,,,
yt-0trPVbYxjCs,youtube,Dieu est Souverain sur la Persecution [La Fin des Temps 06],fr,,,3586,David Pelosi,default-rule,,,,,,,sermon,False,,,,,,0trPVbYxjCs,,,,,
yt-k9gIc82LOWk,youtube,La Glorieuse Omniscience du Christ [Divin Orchestre 04/13],fr,,,3595,David Pelosi,default-rule,,,,,,,sermon,False,,,,,,k9gIc82LOWk,,,,,
yt-WstQhX81KQ8,youtube,Mutiler la Chair pour Préserver l'Esprit,fr,,,3383,David Pelosi,default-rule,,,,,,,sermon,False,,,,,,WstQhX81KQ8,,,,,
yt-TzuREsU3I1Q,youtube,Le Royaume de Dieu est aux Petits Enfants [FAUX DIEUX 1/7],fr,,,3441,David Pelosi,default-rule,,,,,,,sermon,False,,,,,,TzuREsU3I1Q,,,,,
yt-mxNHeYhDeYk,youtube,Un Peuple Sauvé de l'Oppression [PEUPLE DE DIEU 01/15],fr,,,3698,David Pelosi,default-rule,,,,,,,sermon,False,,,,,,mxNHeYhDeYk,,,,,
yt-GS6l3e314uU,youtube,Le Mariage selon Dieu [Inséparables 4/5],fr,,,3737,David Pelosi,default-rule,,,,,,,sermon,False,,,,,,GS6l3e314uU,,,,,
yt-Nw-WuGXqPRg,youtube,"À nous la fidélité, à Lui le résultat [PEUPLE DE DIEU 12/15]",fr,,,3702,David Pelosi,default-rule,,,,,,,sermon,False,,,,,,Nw-WuGXqPRg,,,,,
yt-b8vELnYvaqU,youtube,Hypocrisie : L'Outrage de l'Autorité et de l'Adoration de Dieu,fr,,,3649,David Pelosi,default-rule,Hypocrisie,,1,,,,sermon,False,,,,,,b8vELnYvaqU,,,,,
yt-Uw9lmjSwI_I,youtube,La Vraie Iden,fr,,,3587,David Pelosi,default-rule,Étude — Titus,,2,Titus,Titus,,sermon,False,,,,,,Uw9lmjSwI_I,,,,,
yt-a9w2mYesTag,youtube,Participer aux Victoires de Dieu - Partie 1 [AU DELA de la VUE 6/9],fr,,,3541,David Pelosi,default-rule,,,,,,,sermon,False,,,,,,a9w2mYesTag,,,,,
yt-o4hWvXrGs8k,youtube,La Maison Centré sur l'Évangile [ Don Currin ],fr,,,3642,David Pelosi,default-rule,,,,,,,sermon,False,,,,,,o4hWvXrGs8k,,,,,
yt--h6mzp9I55Q,youtube,Comment Dieu se Révèle [PEUPLE DE DIEU 10/15],fr,,,3671,David Pelosi,default-rule,,,,,,,sermon,False,,,,,,-h6mzp9I55Q,,,,,
yt-aaYSumaDOZA,youtube,Rencontrer Dieu [PEUPLE DE DIEU 03/15],fr,,,3834,David Pelosi,default-rule,,,,,,,sermon,False,,,,,,aaYSumaDOZA,,,,,
yt-KWA5Y3jbTEE,youtube,L'activité centrale du peuple de Dieu [ Famille de foi | ],fr,,,3286,David Pelosi,title,,,,,,,sermon,False,,,,,,KWA5Y3jbTEE,,,,,
yt-rgbmlAWOFnY,youtube,EBN - Famille de foi - João Cardoso - Ago 2015,fr,,,3493,David Pelosi,default-rule,,,,,,,sermon,False,,,,,,rgbmlAWOFnY,,,,,
yt-yFhiUBP6BgY,youtube,Dieu est au-delà de nos limitations [PEUPLE DE DIEU 05/15],fr,,,3780,David Pelosi,default-rule,,,,,,,sermon,False,,,,,,yFhiUBP6BgY,,,,,
yt-_7zlIXgDgq0,youtube,Le Pain de Dieu: Âme et Corps Satisfaits [deCOURAGEment 05],fr,,,2759,David Pelosi,default-rule,,,,,,,sermon,False,,,,,,_7zlIXgDgq0,,,,,
yt-qD2RGp-rp-I,youtube,Le Danger d'Abuser de la Grâce de Dieu [Chasse au Roi : 1/8],fr,,,3323,David Pelosi,default-rule,,,,,,,sermon,False,,,,,,qD2RGp-rp-I,,,,,
yt-yyt3wv39lFc,youtube,Comment s'Approcher de Dieu [ Au DELA de la VUE 8/9 ],fr,,,3627,David Pelosi,default-rule,,,,,,,sermon,False,,,,,,yyt3wv39lFc,,,,,
yt-NVKmcNEnn1o,youtube,Seulement la Grâce et la Gloire à Dieu Seulement [ REF500 4/5 ],fr,,,3562,David Pelosi,default-rule,,,,,,,sermon,False,,,,,,NVKmcNEnn1o,,,,,
yt-yOyhVmYIjVg,youtube,Dieu est Souverain sur la Grande Tribulation [La Fin des Temps 09],fr,,,3598,David Pelosi,default-rule,,,,,,,sermon,False,,,,,,yOyhVmYIjVg,,,,,
yt-4138K5wfsb8,youtube,Famille de foi - AUDIO - Gustavo Faleiro,fr,,,2986,David Pelosi,default-rule,,,,,,,sermon,False,,,,,,4138K5wfsb8,,,,,
yt-XXGAfEVaQ6k,youtube,Aucun rival n'est à la hauteur de l'Éternel [PEUPLE DE DIEU 13/15],fr,,,3828,David Pelosi,default-rule,,,,,,,sermon,False,,,,,,XXGAfEVaQ6k,,,,,
yt-x3Q6QMNyEj0,youtube,Le Salut est de Dieu par Dieu et pou Dieu [Pâques 2017],fr,,,3253,David Pelosi,default-rule,,,,,,,sermon,False,,,,,,x3Q6QMNyEj0,,,,,
yt-_E8Q6GcAvtw,youtube,Paul Washer - Le Dieu de la Parole - Q&R 13/11/2016,fr,,,2807,David Pelosi,default-rule,,,,,,,sermon,False,,,,,,_E8Q6GcAvtw,,,,,
yt-d7fLsUeRJsQ,youtube,Le Genre de Prière que Dieu Répond [ AU DELA de la VUE 1/9 ],fr,,,3691,David Pelosi,default-rule,,,,,,,sermon,False,,,,,,d7fLsUeRJsQ,,,,,
yt-Jl_xGmhSw2Q,youtube,Connaître les Écritures et la Puissance de Dieu [Chasse au Roi : 3/8],fr,,,3675,David Pelosi,default-rule,,,,,,,sermon,False,,,,,,Jl_xGmhSw2Q,,,,,
yt-srNVCECQC8c,youtube,Comment Semer un Coeur Enseignable [Des Yeux pour Voir - 03],fr,,,2971,David Pelosi,default-rule,,,,,,,sermon,False,,,,,,srNVCECQC8c,,,,,
yt-4Q_jOMO_YkY,youtube,Matinée Pastorale avec Paul Washer : l'Église du Christ à la Manière du Christ,fr,,,3079,David Pelosi,default-rule,,,,,,,sermon,False,,,,,,4Q_jOMO_YkY,,,,,
yt-c4kkYeEFvS0,youtube,Un Coeur Selon Dieu [ AU DELA de la VUE 5/9 ],fr,,,3710,David Pelosi,default-rule,,,,,,,sermon,False,,,,,,c4kkYeEFvS0,,,,,
yt-BSUk6hEzjlc,youtube,Le Piège sur la Sexualité et la Principale Activité du Christ [Inséparables 1/5],fr,,,3429,David Pelosi,default-rule,,,,,,,sermon,False,,,,,,BSUk6hEzjlc,,,,,
yt-nwYiAUfLA9I,youtube,Participer aux Victoires de Dieu - Partie 2 [AU DELA de la VUE 7/9],fr,,,3748,David Pelosi,default-rule,,,,,,,sermon,False,,,,,,nwYiAUfLA9I,,,,,
yt-KB5SXgKGvuw,youtube,"Jésus, Roi du Temple : l'essence de la vraie religion [ Roi Jésus - 04/06 ]",fr,,,3568,David Pelosi,default-rule,,,,,,,sermon,False,,,,,,KB5SXgKGvuw,,,,,
yt-CIOgYkQwjKs,youtube,Le Rôle Central de la Résurrection,fr,,,2993,David Pelosi,default-rule,,,,,,,sermon,False,,,,,,CIOgYkQwjKs,,,,,
yt-IZdVCiBe4XU,youtube,L'Appel d'un Homme de Dieu [ AU DELA de la VUE 2/9 ],fr,,,4195,David Pelosi,default-rule,,,,,,,sermon,False,,,,,,IZdVCiBe4XU,,,,,
yt-jnIFvHzwcFA,youtube,Le Dieu et le Peuple de la Réconciliation,fr,,,3680,David Pelosi,default-rule,,,,,,,sermon,False,,,,,,jnIFvHzwcFA,,,,,
yt-_3yEddZCV78,youtube,Le minimum attendu d'un enfant de Dieu,fr,,,2845,David Pelosi,default-rule,,,,,,,sermon,False,,,,,,_3yEddZCV78,,,,,
yt-QwKi-XnAXOU,youtube,L'Extension de l'Unité Chrétienne,fr,,,2573,David Pelosi,default-rule,,,,,,,sermon,False,,,,,,QwKi-XnAXOU,,,,,
yt-8y4wRQqJwlc,youtube,Dieu a le Dernier Mot à Propos du Mariage [Inséparables 3/5],fr,,,3269,David Pelosi,default-rule,,,,,,,sermon,False,,,,,,8y4wRQqJwlc,,,,,
yt-CmwPJVPj6H0,youtube,Dieu rend capable celui qu'Il appelle [PEUPLE DE DIEU 04/15],fr,,,3597,David Pelosi,default-rule,,,,,,,sermon,False,,,,,,CmwPJVPj6H0,,,,,
yt-D7MuZoWxdaw,youtube,Croire Dieu sur Parole [PEUPLE DE DIEU 06/15],fr,,,3759,David Pelosi,default-rule,,,,,,,sermon,False,,,,,,D7MuZoWxdaw,,,,,
yt-r2phMiy2ymg,youtube,,fr,,,4236,David Pelosi,default-rule,Épître aux Galates,,69,Gal.6.16-Gal.6.18,Gal,,sermon,False,,,,,,r2phMiy2ymg,,,,,
yt-tI4dba2n9JA,youtube,l'Esclavage de la Religion et le Vrai Problème de l'Homme [Religion Vaine 02],fr,,,3182,David Pelosi,default-rule,,,,,,,sermon,False,,,,,,tI4dba2n9JA,,,,,
yt-2I1d-K_d-kM,youtube,Les Écritures Accomplies à la Croix [cROIx 04/13],fr,,,3708,David Pelosi,default-rule,,,,,,,sermon,False,,,,,,2I1d-K_d-kM,,,,,
yt-uNwWgjbrlJE,youtube,Paul Washer - Le Dieu de la Parole,fr,,,3878,David Pelosi,default-rule,,,,,,,sermon,False,,,,,,uNwWgjbrlJE,,,,,
yt-zmN8-ErWh6s,youtube,La prière qui triomphe sur l'Épreuve - Gethsémani [Divin Orchestre 08/13],fr,,,3594,David Pelosi,default-rule,,,,,,,sermon,False,,,,,,zmN8-ErWh6s,,,,,
yt-0aNrtKizDTQ,youtube,L'Histoire humaine séparée de Dieu | Pr | CBN8 Paris 2024 | Intervention 02/10,fr,,,3299,Vincent Lemieux,title,,,,,,,sermon,True,,,,,,0aNrtKizDTQ,,,,,
yt-DNWcJ4nJdLg,youtube,Royaumes Contrastés [FAUX DIEU 6/7],fr,,,3532,David Pelosi,default-rule,,,,,,,sermon,False,,,,,,DNWcJ4nJdLg,,,,,
yt-TDvPFzqCvy4,youtube,Jésus notre Justice [Divin Orchestre 11/13],fr,,,3815,David Pelosi,default-rule,,,,,,,sermon,False,,,,,,TDvPFzqCvy4,,,,,
yt-rqJ_E6GUMOk,youtube,Le responsable ultime de la mort du Christ [Divin Orchestre 01/13],fr,,,3866,David Pelosi,default-rule,,,,,,,sermon,False,,,,,,rqJ_E6GUMOk,,,,,
yt-kHnECRMIPp4,youtube,4. L'Évangile du Christ est la Justification par la foi | Conrad Mbewe,fr,,,3526,David Pelosi,default-rule,,,,,,,sermon,False,,,,,,kHnECRMIPp4,,,,,
yt-MSJ73JEu1uI,youtube,La pauvre la plus riche : l'offrande qui plaît Dieu le plus,fr,,,3964,David Pelosi,default-rule,,,,,,,sermon,False,,,,,,MSJ73JEu1uI,,,,,
yt-EogCnlGv9hE,youtube,"1. The Evangelization of Christ versus the Materialistic ""Gospel"" | Conrad Mbewe",en,,,3661,,,,,,,,,sermon,False,,,,,,EogCnlGv9hE,,,,,
yt-TB7R8erBUxY,youtube,Roi Suprême : l'Autorité du ciel et l'autorité des hommes [ Roi Jésus - 06/06 ],fr,,,3331,David Pelosi,default-rule,,,,,,,sermon,False,,,,,,TB7R8erBUxY,,,,,
yt-E5pdykB5IYE,youtube,Distincts du Monde - les dix plaies [PEUPLE DE DIEU 14/15],fr,,,3660,David Pelosi,default-rule,,,,,,,sermon,False,,,,,,E5pdykB5IYE,,,,,
yt-uNjlK4WPl9I,youtube,Proclamer sous Persecution [La Fin des Temps 05],fr,,,3577,David Pelosi,default-rule,,,,,,,sermon,False,,,,,,uNjlK4WPl9I,,,,,
yt-YddrI9bp5RI,youtube,La Puissance de La Bible,fr,,,2925,David Pelosi,default-rule,,,,,,,sermon,False,,,,,,YddrI9bp5RI,,,,,
yt-f18mpb72-2o,youtube,Un Roi Selon le Coeur des Hommes [AU DELA de la VUE 3/9],fr,,,3512,David Pelosi,default-rule,,,,,,,sermon,False,,,,,,f18mpb72-2o,,,,,
yt-a1XACmRYItE,youtube,La Bible Dernière partie,fr,,,2931,David Pelosi,default-rule,,,,,,,sermon,False,,,,,,a1XACmRYItE,,,,,
yt-cg223UD4Zcg,youtube,La question ultime: Qui est Jésus? [Des Yeux pour Voir - 05],fr,,,2584,David Pelosi,default-rule,,,,,,,qa,False,,,,,,cg223UD4Zcg,,,,,
yt-QXL18EHQY3U,youtube,"Roi Unique : Légitime, Messianique et Divin [ Roi Jésus - 01/06 ]",fr,,,3275,David Pelosi,default-rule,,,,,,,sermon,False,,,,,,QXL18EHQY3U,,,,,
yt-SwHXHImXV_s,youtube,Grande Tribulation : L'Abominable de la Désolation [La Fin des Temps 07],fr,,,3477,David Pelosi,default-rule,,,,,,,sermon,False,,,,,,SwHXHImXV_s,,,,,
yt-Nde01t7rROg,youtube,[Incendie de Notre-Dame] Le Témoignage du Saint Esprit sur Christ le Prophète [cROIx 06/13],fr,,,3587,David Pelosi,default-rule,,,,,,,sermon,False,,,,,,Nde01t7rROg,,,,,
yt-T1pjDjZZdC0,youtube,La Maturité d'être comme un Enfant,fr,,,3317,David Pelosi,default-rule,,,,,,,sermon,False,,,,,,T1pjDjZZdC0,,,,,
yt-mG7CiQy37Co,youtube,Hypocrisie : L'outrage de l'entière amabilité du Christ,fr,,,3624,David Pelosi,default-rule,Hypocrisie,,2,,,,sermon,False,,,,,,mG7CiQy37Co,,,,,
yt-my59-loK7ig,youtube,Joie Indescriptible - Mike Philips,fr,,,3123,David Pelosi,default-rule,,,,,,,sermon,False,,,,,,my59-loK7ig,,,,,
yt-CXEO2a03yDg,youtube,La Prière 4ème Partie,fr,,,3691,David Pelosi,default-rule,,,,,,,sermon,False,,,,,,CXEO2a03yDg,,,,,
yt-x8iExXm8U3M,youtube,Pierres Vivantes Reliés entre elles en Christ | Mike Phillips,fr,,,3567,David Pelosi,default-rule,,,,,,,sermon,False,,,,,,x8iExXm8U3M,,,,,
yt-6bCucA_dMhw,youtube,5. Atelier : L'Évangélisation et l'Église Locale | Conrad MBewe,fr,,,3015,David Pelosi,default-rule,,,,,,,sermon,False,,,,,,6bCucA_dMhw,,,,,
yt-Ej-cfuDIx3c,youtube,La Nature Trompeuse de l'Argent [FAUX DIEUX 3/7],fr,,,3196,David Pelosi,default-rule,,,,,,,sermon,False,,,,,,Ej-cfuDIx3c,,,,,
yt-daR_99v6uF4,youtube,Mettre en Pratique,fr,,,3305,David Pelosi,default-rule,Épître aux Philippiens,,2,Phil,Phil,,sermon,False,,,,,,daR_99v6uF4,,,,,
yt-7rIrBOOEFjM,youtube,Emmanuel : DIEU avec nous [Culte de Noël 2016],fr,,,2500,David Pelosi,default-rule,,,,,,,sermon,False,,,,,,7rIrBOOEFjM,,,,,
yt-RFh9rCv65N8,youtube,Aimer le Prochain comme Soi-même [Chasse au Roi : 5/8],fr,,,3872,David Pelosi,default-rule,,,,,,,sermon,False,,,,,,RFh9rCv65N8,,,,,
yt-68zvb_kYKTI,youtube,Délivrés des Crises d'Iden,fr,,,3587,David Pelosi,default-rule,Étude — Titus,,1,Titus,Titus,,sermon,False,,,,,,68zvb_kYKTI,,,,,
yt-mlWmtvDy2KQ,youtube,La Dignité du Deuxième Commandement,fr,,,3752,David Pelosi,default-rule,,,,Exod.20.4-Exod.20.6,Exod,,sermon,False,,,,,,mlWmtvDy2KQ,,,,,
yt-72NywDEh2CQ,youtube,La Souffrance 1/4,fr,,,2481,David Pelosi,default-rule,,,,,,,sermon,False,,,,,,72NywDEh2CQ,,,,,
yt-_HP8mnDzycM,youtube,La Source Ultime de la Guerre des Sexes [Inseparables 2/5],fr,,,3640,David Pelosi,default-rule,,,,,,,sermon,False,,,,,,_HP8mnDzycM,,,,,
yt-REJMdL-djLc,youtube,Roi de l'Univers : Prier sans Douter [ Roi Jésus - 05/06 ],fr,,,3574,David Pelosi,default-rule,,,,,,,sermon,False,,,,,,REJMdL-djLc,,,,,
yt-YXTZzdQle7A,youtube,Le Dieu qui Pourvoie : Pâques 2018,fr,,,3117,David Pelosi,default-rule,,,,,,,sermon,False,,,,,,YXTZzdQle7A,,,,,
yt-dF-lLmi0ySU,youtube,Le Mariage 2/4,fr,,,3041,David Pelosi,default-rule,,,,,,,sermon,False,,,,,,dF-lLmi0ySU,,,,,
yt-yE79-m4TpNs,youtube,Ta Parole est Christ | Dr. Conrad Mbewe | CBN7 Paris 2023 | Intervention 9/10,en,,,2975,,,,,,,,,sermon,True,,,,,,yE79-m4TpNs,,,,,
yt-jTY0krE61CA,youtube,6. Questions et Réponses | Conrad Mbewe,fr,,,4598,David Pelosi,default-rule,,,,,,,qa,False,,,,,,jTY0krE61CA,,,,,
yt-PvfCV8NDNJI,youtube,Délivrés de l'Anxiété [Bonne Nouvelle 02],fr,,,2801,David Pelosi,default-rule,,,,,,,sermon,False,,,,,,PvfCV8NDNJI,,,,,
yt-RDKr9Oa0RTI,youtube,Une Famille à l'Image du Dieu Famille [ Famille de Foi | ],fr,,,2628,David Pelosi,title,,,,,,,sermon,False,,,,,,RDKr9Oa0RTI,,,,,
yt-XNzatmgC97A,youtube,Vivre déjà par la Perspective de la Fin [La Fin des Temps 01],fr,,,3600,David Pelosi,default-rule,,,,,,,sermon,False,,,,,,XNzatmgC97A,,,,,
yt-r5DkaLyQbwQ,youtube,Sainte Cène : Bienheureuse Assurance [Divin Orchestre 05/13],fr,,,3599,David Pelosi,default-rule,,,,,,,sermon,False,,,,,,r5DkaLyQbwQ,,,,,
yt-5CvdsXDA_do,youtube,La motivation ultime pour venir à l'église [Gloire de Dieu Joie des Hommes],fr,,,2559,David Pelosi,default-rule,,,,,,,sermon,False,,,,,,5CvdsXDA_do,,,,,
yt-o8cqK_zW45I,youtube,Le But du Temple - Les Moyens par leurs Finalité [La Fin de Temps 02],fr,,,3540,David Pelosi,default-rule,,,,,,,sermon,False,,,,,,o8cqK_zW45I,,,,,
yt-4ikzW7Fp31g,youtube,"Roi d'Amour : Pacificateur, Courageux et Accessible [ Roi Jésus - 02/06 ]",fr,,,3287,David Pelosi,default-rule,,,,,,,sermon,False,,,,,,4ikzW7Fp31g,,,,,
yt-wLjJVJgwBTg,youtube,La parabole du Semeur,fr,,,3120,David Pelosi,default-rule,,,,,,,sermon,False,,,,,,wLjJVJgwBTg,,,,,
yt-ECX6_m1-SrI,youtube,Racines 06 - La Justification par la Foi - Gn.14-17,fr,,,3575,David Pelosi,default-rule,,,,,,,sermon,False,,,,,,ECX6_m1-SrI,,,,,
yt-iTmgxHwCzHw,youtube,À la recherche du Bonheur 5/6,fr,,,2483,David Pelosi,default-rule,,,,,,,sermon,False,,,,,,iTmgxHwCzHw,,,,,
yt-JOgOLb3Ij2U,youtube,L'Église à l'épreuve du temps | Dr,en,,,3733,Joël Beeke,title,Étude — Joel,,2,Joel,Joel,,sermon,True,,,,,,JOgOLb3Ij2U,,,,,
yt-Yu4pvLk15ng,youtube,L'Arrestation du Tout Puissant [Divin Orchestre 09/13],fr,,,3437,David Pelosi,default-rule,,,,,,,sermon,False,,,,,,Yu4pvLk15ng,,,,,
yt-ssxWvhBekqI,youtube,La Bible 2ème partie,fr,,,2188,David Pelosi,default-rule,,,,,,,sermon,False,,,,,,ssxWvhBekqI,,,,,
yt-aghfRJM5R0Y,youtube,Les Écritures Accomplies à la Croix [cROIx 05/13],fr,,,3604,David Pelosi,default-rule,,,,,,,sermon,False,,,,,,aghfRJM5R0Y,,,,,
yt-Nc1dF2WFhkY,youtube,Le Mariage - 4/4,fr,,,3309,David Pelosi,default-rule,,,,,,,sermon,False,,,,,,Nc1dF2WFhkY,,,,,
yt-6oJFqpJwjkk,youtube,Qui détermine la vérité sur Jésus ? [cROIx 01/13],fr,,,3859,David Pelosi,default-rule,,,,,,,sermon,False,,,,,,6oJFqpJwjkk,,,,,
yt-FN9rd9Etf34,youtube,Nécessaire et Certaine,fr,,,3139,David Pelosi,default-rule,,,,,,,sermon,False,,,,,,FN9rd9Etf34,,,,,
yt-ZW-ybbxiKEQ,youtube,Pour de Vrai - Le Caractère du Chrétien - PORTUGUÊS/FRANÇAIS,fr,,,3338,David Pelosi,default-rule,,,,,,,sermon,False,,,,,,ZW-ybbxiKEQ,,,,,
yt-ZIxl6R9loCI,youtube,La parabole du Semeur - introduction,fr,,,2505,David Pelosi,default-rule,,,,,,,sermon,False,,,,,,ZIxl6R9loCI,,,,,
yt-tn6XG-4ziNw,youtube,"Jésus, le célèbre inconnu - 6ème partie",fr,,,3231,David Pelosi,default-rule,,,,,,,sermon,False,,,,,,tn6XG-4ziNw,,,,,
yt-gp1cpFhFgL0,youtube,Racines 03 - Paradis Perdu - Gn.3,fr,,,3126,David Pelosi,default-rule,,,,,,,sermon,False,,,,,,gp1cpFhFgL0,,,,,
yt-SjcYd1pTROI,youtube,1. Le Besoin de L'Expiation | Paul Washer Paris 2019,fr,,,4264,,,,,,,,,sermon,True,,,,,,SjcYd1pTROI,,,,,
yt-0MXuzOTEJ24,youtube,La force des tenèbres,fr,,,2635,David Pelosi,default-rule,,,,,,,sermon,False,,,,,,0MXuzOTEJ24,,,,,
yt-8neSoqYlKYo,youtube,Investissement - 1ère partie,fr,,,3004,David Pelosi,default-rule,,,,,,,sermon,False,,,,,,8neSoqYlKYo,,,,,
yt-BTWEpWQ1BYY,youtube,Se Situant dans la Fin des Temps [La Fin de Temps 03],fr,,,3714,David Pelosi,default-rule,,,,,,,sermon,False,,,,,,BTWEpWQ1BYY,,,,,
yt-0TwfZjZW4r4,youtube,Le Chemin qui Mène à la Chute [Divin Orchestre 12/13],fr,,,3582,David Pelosi,default-rule,,,,,,,sermon,False,,,,,,0TwfZjZW4r4,,,,,
yt-7HqK2A4AzTY,youtube,"Roi, Rebelles, Rançon, Réponse - Vinícius Musselman",fr,,,3329,David Pelosi,default-rule,,,,,,,sermon,False,,,,,,7HqK2A4AzTY,,,,,
yt-bhQ7aQVmqa4,youtube,L'Assurance du Salut [ REF500 5/5 ],fr,,,2845,David Pelosi,default-rule,,,,,,,sermon,False,,,,,,bhQ7aQVmqa4,,,,,
yt-dNx8M18M7BA,youtube,Jamais trop tard pour Jésus - 1/2,fr,,,3385,David Pelosi,default-rule,,,,,,,sermon,False,,,,,,dNx8M18M7BA,,,,,
yt-SMzHFntsVd8,youtube,Seulement les Écritures [ REF500 1/5 ],fr,,,2577,David Pelosi,default-rule,,,,,,,sermon,False,,,,,,SMzHFntsVd8,,,,,
yt-gB2APwqvFuQ,youtube,La Richesse des Renoncements [FAUX DIEUX 4/7],fr,,,3838,David Pelosi,default-rule,,,,,,,sermon,False,,,,,,gB2APwqvFuQ,,,,,
yt-mgB9nLSU_5k,youtube,The parameters of Divine Justice,en,,,3068,,,,,,,,,sermon,False,,,,,,mgB9nLSU_5k,,,,,
yt-iyQZAdyFG5M,youtube,l'Obéissance Vaut Mieux que les Sacrifices [AU DELA de la VUE 4/9],fr,,,3832,David Pelosi,default-rule,,,,,,,sermon,False,,,,,,iyQZAdyFG5M,,,,,
yt-c9BdsF2a0EI,youtube,Surmontant L'Incrédulité,fr,,,3303,David Pelosi,default-rule,,,,,,,sermon,False,,,,,,c9BdsF2a0EI,,,,,
yt-LDNCqPmm0Vw,youtube,INVESTISSEMENT - 3ème partie,fr,,,2845,David Pelosi,default-rule,,,,,,,sermon,False,,,,,,LDNCqPmm0Vw,,,,,
yt-9DfMOOsC12o,youtube,N’osez pas fermer la porte à la face d’un tel amour - [deCOURAGEment 02],fr,,,2844,David Pelosi,default-rule,,,,,,,sermon,False,,,,,,9DfMOOsC12o,,,,,
yt-ZzXqezaJ6SY,youtube,"Souffrance Extreme, Consciente et Volontaire [FAUX DIEUX 5/7]",fr,,,3447,David Pelosi,default-rule,,,,,,,sermon,False,,,,,,ZzXqezaJ6SY,,,,,
yt-cvC3NP6TBaM,youtube,Investissement Dernière pertie,fr,,,3161,David Pelosi,default-rule,,,,,,,sermon,False,,,,,,cvC3NP6TBaM,,,,,
yt-9juIRKhETNA,youtube,Seulement le Christ [ REF500 3/5 ],fr,,,2846,David Pelosi,default-rule,,,,,,,sermon,False,,,,,,9juIRKhETNA,,,,,
yt-JCn787d_Jp0,youtube,Délivrés de L'Inutilité [ Bonne Nouvelle - 04],fr,,,3254,David Pelosi,default-rule,,,,,,,sermon,False,,,,,,JCn787d_Jp0,,,,,
yt-2rde0LAH8Xg,youtube,Une famille d'adorateurs [ Famille de Foi | Gustavo Faleiro ],fr,,,2773,David Pelosi,default-rule,,,,,,,sermon,False,,,,,,2rde0LAH8Xg,,,,,
yt-_6fF0wkDNMk,youtube,Adoration Extravagante [Divin Orchestre 02/13],fr,,,3589,David Pelosi,default-rule,,,,,,,sermon,False,,,,,,_6fF0wkDNMk,,,,,
yt-XGFaN8nR97A,youtube,"Jésus, le célèbre inconnu - 5",fr,,,2672,David Pelosi,default-rule,,,,,,,sermon,False,,,,,,XGFaN8nR97A,,,,,
yt-PivTSA8sa1U,youtube,"Jésus, le célèbre inconnu - 3",fr,,,2717,David Pelosi,default-rule,,,,,,,sermon,False,,,,,,PivTSA8sa1U,,,,,
yt-9PMup8zpNrI,youtube,"Jésus, le célèbre inconnu - 2",fr,,,2736,David Pelosi,default-rule,,,,,,,sermon,False,,,,,,9PMup8zpNrI,,,,,
yt-IvOAnueJ2eg,youtube,L'Avantageuse Vision Spirituelle d'un Aveugle [ FAUX DIEUX 7/7 ],fr,,,3797,David Pelosi,default-rule,,,,,,,sermon,False,,,,,,IvOAnueJ2eg,,,,,
yt-UsOSkTNE1Ec,youtube,Le But Ultime du Mariage [Inséparables 5/5],fr,,,3546,David Pelosi,default-rule,,,,,,,sermon,False,,,,,,UsOSkTNE1Ec,,,,,
yt-Wozkv9FkcsI,youtube,Le Mariage 3/4,fr,,,3260,David Pelosi,default-rule,,,,,,,sermon,False,,,,,,Wozkv9FkcsI,,,,,
yt-KkEqb_CnTYg,youtube,Ta Parole restaure | Pr. | CBN7 Paris 2023 | Intervention 6/10,fr,,,3012,David Vaughn,title,,,,,,,sermon,True,,,,,,KkEqb_CnTYg,,,,,
yt-oEWkHDoF97w,youtube,Fidèle Malgré son Abandon [Divin Orchestre 10/13],fr,,,3600,David Pelosi,default-rule,,,,,,,sermon,False,,,,,,oEWkHDoF97w,,,,,
yt-uoOC4Tel1i4,youtube,Actifs dans l'Attente [],fr,,,2835,Stephan Kongo,title,,,,,,,sermon,False,,,,,,uoOC4Tel1i4,,,,,
yt-o5Yr65HdwO8,youtube,Encountered by God | Professor | CBN8 Paris 2024 | Presentation 06/10,en,,,3305,David Pelosi,title,,,,,,,sermon,True,,,,,,o5Yr65HdwO8,,,,,
yt-6ViOEtaPrqs,youtube,"Jésus, le célèbre inconnu - 8",fr,,,3028,David Pelosi,default-rule,,,,,,,sermon,False,,,,,,6ViOEtaPrqs,,,,,
yt-azgsP9ZQ52I,youtube,Foi Triomphante [Divin Orchestre 06/13],fr,,,3600,David Pelosi,default-rule,,,,,,,sermon,False,,,,,,azgsP9ZQ52I,,,,,
yt-QNBVujCU8cI,youtube,Praying According to the Heart of God,en,,,3285,,,Étude — Psaumes,,5,Ps.40.1-Ps.40.17,Ps,,sermon,False,,,,,,QNBVujCU8cI,,,,,
yt-tADSTAQI98E,youtube,"Jésus, le célèbre inconnu - 7",fr,,,3525,David Pelosi,default-rule,,,,,,,sermon,False,,,,,,tADSTAQI98E,,,,,
yt-8UOGcf9pT8k,youtube,Grande Tribulation : Dévastation et Apostasie [La Fin des Temps 08 ],fr,,,3472,David Pelosi,default-rule,,,,,,,sermon,False,,,,,,8UOGcf9pT8k,,,,,
yt-501xUr-Ox_k,youtube,Paul Washer - La Parole en Gouvernant la Vie et le Culte,fr,,,4497,David Pelosi,default-rule,,,,,,,sermon,False,,,,,,501xUr-Ox_k,,,,,
yt-_uvce140PrA,youtube,"Le Commencement des Douleurs : Faux-Christs, Guerres et Catastrophes [La Fin des Temps 04]",fr,,,3599,David Pelosi,default-rule,,,,,,,sermon,False,,,,,,_uvce140PrA,,,,,
yt-oUIXYKX-DtM,youtube,À LA RECHERCHE DU BONHEUR 1/6,fr,,,2147,David Pelosi,default-rule,,,,,,,sermon,False,,,,,,oUIXYKX-DtM,,,,,
yt-ys7f1zqwfWg,youtube,Praying According to God's Heart,en,,,3541,,,Étude — Psaumes,,8,Ps.40.1-Ps.40.4,Ps,,sermon,False,,,,,,ys7f1zqwfWg,,,,,
yt-a1fi79DrsI0,youtube,Questions et réponses | CBN6 Paris 2022,fr,,,2980,,,,,,,,,qa,True,,,,,,a1fi79DrsI0,,,,,
yt-LufiVWM2vrA,youtube,Ta Parole est complète | Dr Burk Parsons | CBN7 Paris 2023 | Intervention 5/10,en,,,3347,,,,,,,,,sermon,True,,,,,,LufiVWM2vrA,,,,,
yt-wp2hWwNl3Ko,youtube,La paix qui surpasse nos faiblesses | Pr. | CBN6 Paris 2022 | Intervention 4/9,fr,,,3005,Vincent Lemieux,title,,,,,,,sermon,True,,,,,,wp2hWwNl3Ko,,,,,
yt-tZiJ6w6QcQg,youtube,Le héraut fidèle | Dr. Burk Parsons | CBN6 Paris 2022 | Matinée Pastorale 1/2,en,,,3926,,,,,,,,,sermon,True,,,,,,tZiJ6w6QcQg,,,,,
yt-oJPxSV80j-c,youtube,Le Chemin qui Mène à la Restauration [Divin Orchestre 13/13],fr,,,3184,David Pelosi,default-rule,,,,,,,sermon,False,,,,,,oJPxSV80j-c,,,,,
yt-OB3L3gNci_8,youtube,Ce qui est central dans l'Évangile,fr,,,3073,David Pelosi,default-rule,,,,,,,sermon,False,,,,,,OB3L3gNci_8,,,,,
yt-ayK_Ss43Y48,youtube,Charité à contre courant,fr,,,2773,David Pelosi,default-rule,,,,,,,sermon,False,,,,,,ayK_Ss43Y48,,,,,
yt-TY-Pq7GCcgI,youtube,La Souffrance - 3/4,fr,,,3135,David Pelosi,default-rule,,,,,,,sermon,False,,,,,,TY-Pq7GCcgI,,,,,
yt-yg0myrggKt0,youtube,The Danger of Bitterness,en,,,3900,Brian Borgman,title,Épître aux Hébreux,,29,Heb.12.14-Heb.12.17,Heb,,sermon,False,,,,,,yg0myrggKt0,,,,,
yt-HPcMmRbmkxs,youtube,Ta Parole règne | Pr | CBN7 Paris 2023 | Intervention 8/10,fr,,,3705,David Pelosi,title,,,,,,,sermon,True,,,,,,HPcMmRbmkxs,,,,,
yt-hp9-9DvU-Rc,youtube,"2. L'Évangélisation du Christ face à ""l'Évangile"" Centré sur les Miracles | Conrad Mbewe",fr,,,2946,David Pelosi,default-rule,,,,,,,sermon,False,,,,,,hp9-9DvU-Rc,,,,,
yt-vPuVEL-2vM8,youtube,La voix de l'église dans l'espace public | Paulo Junior | CBN6 Paris 2022 | Matinée Pastorale 2/2,fr,,,3547,,,,,,,,,sermon,True,,,,,,vPuVEL-2vM8,,,,,
yt-D07d-JTfTTM,youtube,3. L'Efficacité de l'Expiation | Paul Washer Paris 2019,fr,,,4233,,,,,,,,,sermon,True,,,,,,D07d-JTfTTM,,,,,
yt-KXNVz1UQb7g,youtube,Ta Parole corrige | Dr. Burk Parsons | CBN7 Paris 2023 | Intervention 6/10,en,,,3436,,,,,,,,,sermon,True,,,,,,KXNVz1UQb7g,,,,,
yt-fqvw9oVcgMI,youtube,Une Dignité Attestée par l'Humiliation Volontaire [cROIx 03/13],fr,,,3829,David Pelosi,default-rule,,,,,,,sermon,False,,,,,,fqvw9oVcgMI,,,,,
yt-KxHifRjUmcs,youtube,INVESTISSEMENT 2éme partie,fr,,,2765,David Pelosi,default-rule,,,,,,,sermon,False,,,,,,KxHifRjUmcs,,,,,
yt-crH89I9kdVc,youtube,Angoissé jusqu'à la mort - Gethsemane [Divin Orchestre 07/13],fr,,,3737,David Pelosi,default-rule,,,,,,,sermon,False,,,,,,crH89I9kdVc,,,,,
yt-gGILe3ADEKU,youtube,La Prière 1ère partie,fr,,,2216,David Pelosi,default-rule,,,,,,,sermon,False,,,,,,gGILe3ADEKU,,,,,
yt-Wm019Mm4YU4,youtube,Retour Certain et Éminent : Vigilance Totale [La Fin des Temps 11],fr,,,3596,David Pelosi,default-rule,,,,,,,sermon,False,,,,,,Wm019Mm4YU4,,,,,
yt-o2yxQ5LigDI,youtube,Quand l'Amour Parle sur l'Enfer,fr,,,2659,David Pelosi,default-rule,,,,,,,sermon,False,,,,,,o2yxQ5LigDI,,,,,
yt-TOsz9q9GMGw,youtube,La paix qui surpasse toute intelligence | Dr. Sinclair Ferguson | CBN6 Paris 2022 | Intervention 8/9,en,,,3570,,,,,,,,,sermon,True,,,,,,TOsz9q9GMGw,,,,,
yt-Y8kFHCoq2UA,youtube,La paix qui surpasse la solitude | Pr. | CBN6 Paris 2022 | Intervention 2/9,fr,,,3041,David Vaughn,title,,,,,,,sermon,True,,,,,,Y8kFHCoq2UA,,,,,
yt-HX_Fqy31Xfc,youtube,Ta Parole est inspirée | Dr Conrad Mbewe | CBN7 Paris 2023 | Intervention 3/10,en,,,2764,,,,,,,,,sermon,True,,,,,,HX_Fqy31Xfc,,,,,
yt-ZHrEKbeAJB4,youtube,Roi de la Nature : le danger de ne pas fructifier [ Roi Jésus - 03/06 ],fr,,,3557,David Pelosi,default-rule,,,,,,,sermon,False,,,,,,ZHrEKbeAJB4,,,,,
yt-SgfKB24a2IQ,youtube,La plus grande expérience sur Terre,fr,,,2658,David Pelosi,default-rule,,,,,,,sermon,False,,,,,,SgfKB24a2IQ,,,,,
yt-kmvkATplMxo,youtube,EBN - La vraie famille de Jésus,fr,,,2772,David Pelosi,default-rule,,,,,,,sermon,False,,,,,,kmvkATplMxo,,,,,
yt-IeXbvNHONQg,youtube,Vivre la Cause pour Voir les Conséquences [ Gustavo Faleiro ],fr,,,2504,David Pelosi,default-rule,,,,,,,sermon,False,,,,,,IeXbvNHONQg,,,,,
yt-yGtnee0bIiw,youtube,La paix qui surpasse les tragedies | Pr. | CBN6 Paris 2022 | Intervention 3/9,fr,,,3303,Paulo Junior,title,,,,,,,sermon,True,,,,,,yGtnee0bIiw,,,,,
yt-Fun9oScBZTo,youtube,"Jésus, le célèbre inconnu - 4",fr,,,2852,David Pelosi,default-rule,,,,,,,sermon,False,,,,,,Fun9oScBZTo,,,,,
yt-7VzxqwZlLmQ,youtube,La Souffrance 2/4,fr,,,3151,David Pelosi,default-rule,,,,,,,sermon,False,,,,,,7VzxqwZlLmQ,,,,,
yt-Qu1HEX8xLS4,youtube,Ta Parole est fiable | Pr. | CBN7 Paris 2023 | Intervention 2/10,fr,,,3397,Pascal Denault,title,,,,,,,sermon,True,,,,,,Qu1HEX8xLS4,,,,,
yt-FZrU1IRV6kg,youtube,La Glorieuse Compassion du Christ [Des Yeux pour Voir 01],fr,,,2820,David Pelosi,default-rule,,,,,,,sermon,False,,,,,,FZrU1IRV6kg,,,,,
yt-Vder31Ld8A0,youtube,Une foi est rarement trouvée dans la religion [Religion Vaine 03],fr,,,2807,David Pelosi,default-rule,,,,,,,sermon,False,,,,,,Vder31Ld8A0,,,,,
yt-qBYoEAprWYI,youtube,Your Word is Clear | Prof. Pascal Denault | CBN7 Paris 2023 | Presentation 4/10,fr,,,3348,,,,,,,,,sermon,True,,,,,,qBYoEAprWYI,,,,,
yt-zC1kxRXWGHc,youtube,Characteristics of Hypocritical Religion [Vain Religion 01],en,,,3274,,,,,,,,,sermon,False,,,,,,zC1kxRXWGHc,,,,,
yt--MBc1XmwY3g,youtube,Nouvelle Nature [ ],fr,,,3195,Stephan Kongo,title,,,,,,,sermon,False,,,,,,-MBc1XmwY3g,,,,,
yt-rB9ZYLjuTNI,youtube,Peace That Overcomes Anxiety | Prof. | CBN6 Paris 2022 | Presentation 1/9,fr,,,3598,David Pelosi,title,,,,,,,sermon,True,,,,,,rB9ZYLjuTNI,,,,,
yt-TNzf-ZwuiNw,youtube,L'Amour du Père fait la Force du Fils,fr,,,2663,David Pelosi,default-rule,,,,,,,sermon,False,,,,,,TNzf-ZwuiNw,,,,,
yt-K93euFd3uvo,youtube,Dieu Accessible [Religion Vaine 04],fr,,,2679,David Pelosi,default-rule,,,,,,,sermon,False,,,,,,K93euFd3uvo,,,,,
yt-SXtl8HuHIP4,youtube,La Vie Debordante [ Mike Phillips ],fr,,,2690,David Pelosi,default-rule,,,,,,,sermon,False,,,,,,SXtl8HuHIP4,,,,,
yt-n98lbvSVyn0,youtube,Le Mariage 1/4,fr,,,2308,David Pelosi,default-rule,,,,,,,sermon,False,,,,,,n98lbvSVyn0,,,,,
yt-CT-y31Wlj58,youtube,Regardez les Champs | Mike Phillips,fr,,,3095,David Pelosi,default-rule,,,,,,,sermon,False,,,,,,CT-y31Wlj58,,,,,
yt-lsMzoS8ztpA,youtube,La paix qui surpasse les craintes missionnaires | David Vaughn | CBN6 Paris 2022 | Intervention 9/9,fr,,,3478,,,,,,,,,sermon,True,,,,,,lsMzoS8ztpA,,,,,
yt-XyyNKZNcVTs,youtube,Praying with Christ at the Throne of Time | Professor | CBN8 Paris 2024 | Presentati...,en,,,2718,David Pelosi,title,,,,,,,sermon,True,,,,,,XyyNKZNcVTs,,,,,
yt-xM2p93xbkZc,youtube,"Petit depart, Grand impact!",fr,,,2421,David Pelosi,default-rule,,,,,,,sermon,False,,,,,,xM2p93xbkZc,,,,,
yt-BSuVgo-p13g,youtube,EBN - le Seigneur du Sabbat,fr,,,2421,David Pelosi,default-rule,,,,,,,sermon,False,,,,,,BSuVgo-p13g,,,,,
yt-48V9WMPfPXg,youtube,Racines 04 - La Montée de la Corruption - Gn.4-11,fr,,,2722,David Pelosi,default-rule,,,,,,,sermon,False,,,,,,48V9WMPfPXg,,,,,
yt-k9eDQauPbas,youtube,La paix qui surpasse l'apostasie | Dr. Burk Parsons | CBN6 Paris 2022 | Intervention 7/9,en,,,2570,,,,,,,,,sermon,True,,,,,,k9eDQauPbas,,,,,
yt--CeZ_AKfaKw,youtube,Your Word is Necessary | Prof. Vincent Lemieux | CBN7 Paris 2023 | Presentation 1/10,fr,,,2796,,,,,,,,,sermon,True,,,,,,-CeZ_AKfaKw,,,,,
yt--Zzy68245CU,youtube,"À vos marques, prêts, partez 2/4",fr,,,2648,David Pelosi,default-rule,,,,,,,sermon,False,,,,,,-Zzy68245CU,,,,,
yt-uBazgFRICpA,youtube,La paix qui surpasse la culpabilité | Dr. Burk Parsons | CBN6 Paris 2022 | Intervention 5/9,en,,,3471,,,,,,,,,sermon,True,,,,,,uBazgFRICpA,,,,,
yt-j0Bu3PTC2uA,youtube,Ta Parole sauve | Pr | CBN7 Paris 2023 | Intervention 10/10,fr,,,2681,Paulo Junior,title,,,,,,,sermon,True,,,,,,j0Bu3PTC2uA,,,,,
yt-hzzJiuEWuDg,youtube,Questions et réponses | CBN7 Paris 2023,fr,,,2388,,,,,,,,,qa,True,,,,,,hzzJiuEWuDg,,,,,
yt-gs5f300YkW8,youtube,La Souffrance 4/4,fr,,,3158,David Pelosi,default-rule,,,,,,,sermon,False,,,,,,gs5f300YkW8,,,,,
yt-800aQy9Qedc,youtube,La limite de la compassion du Christ [Des Yeux pour Voir 02],fr,,,2728,David Pelosi,default-rule,,,,,,,sermon,False,,,,,,800aQy9Qedc,,,,,
yt-Eugd50-y0YI,youtube,"Racines 05 - Noé, Babel et l'Appel d'Abraham - Gn 9-13",fr,,,3583,David Pelosi,default-rule,,,,,,,sermon,False,,,,,,Eugd50-y0YI,,,,,
yt-PFuWQZJcoHE,youtube,J'aime - 1ère partie,fr,,,1918,David Pelosi,default-rule,,,,,,,sermon,False,,,,,,PFuWQZJcoHE,,,,,
yt-EN7vKy7S_pg,youtube,EBN - Être proche ne suffit pas - L'opposition,fr,,,2443,David Pelosi,default-rule,,,,,,,sermon,False,,,,,,EN7vKy7S_pg,,,,,
yt-VIbfXmDI0go,youtube,La Foi à l'épreuve du temps | Dr Burk Parsons | CBN8 Paris 2024 | Intervention 05/10,en,,,2782,,,,,,,,,sermon,True,,,,,,VIbfXmDI0go,,,,,
yt-nE0lnrFUfFw,youtube,Racines 02 - L'Ordre Original - Gn.1 et 2,fr,,,2452,David Pelosi,default-rule,,,,,,,sermon,False,,,,,,nE0lnrFUfFw,,,,,
yt-XIOp5-5GxwM,youtube,A LA RECHERCHE DU BONHEUR 2/6,fr,,,1902,David Pelosi,default-rule,,,,,,,sermon,False,,,,,,XIOp5-5GxwM,,,,,
yt-vqmPGRUv7l0,youtube,Praying According to the Heart of God,en,,,3920,,,Étude — Psaumes,,7,Ps.40.1-Ps.40.11,Ps,,sermon,False,,,,,,vqmPGRUv7l0,,,,,
yt-BY6h6MLNn7w,youtube,Doux Espoir | Gustavo Faleiro,fr,,,2173,David Pelosi,default-rule,,,,,,,sermon,False,,,,,,BY6h6MLNn7w,,,,,
yt-xDjPLty5RQo,youtube,L'Incarnation Un Fait Historique [Noël 2017],fr,,,2441,David Pelosi,default-rule,,,,,,,sermon,False,,,,,,xDjPLty5RQo,,,,,
yt-t3gwnXsIR0s,youtube,3. Evangelization according to Christ: the only effective one | Conrad Mbewe,en,,,2709,,,,,,,,,sermon,False,,,,,,t3gwnXsIR0s,,,,,
yt-S-aFo9Xbj6w,youtube,Comment mesurer l'amour de Dieu [Bonne Nouvelle 01],fr,,,2081,David Pelosi,default-rule,,,,,,,sermon,False,,,,,,S-aFo9Xbj6w,,,,,
yt-859ve8VBcJw,youtube,Église Bonne Nouvelle - 1ère année,fr,,,2714,David Pelosi,default-rule,,,,,,,sermon,False,,,,,,859ve8VBcJw,,,,,
yt-r9VdVg3YhrU,youtube,Repos Raisonnable ou Fatigue Amoureuse? [deCOURAGEment 04],fr,,,2391,David Pelosi,default-rule,,,,,,,sermon,False,,,,,,r9VdVg3YhrU,,,,,
yt-FtYiU4LzEQ4,youtube,EBN - L'opposition - 21 juin 2015,fr,,,2390,David Pelosi,default-rule,,,,,,,sermon,False,,,,,,FtYiU4LzEQ4,,,,,
yt-K8V-jm9KjdE,youtube,La paix qui surpasse la mort | Dr. Sinclair Ferguson | CBN6 Paris 2022 | Intervention 6/9,en,,,2470,,,,,,,,,sermon,True,,,,,,K8V-jm9KjdE,,,,,
yt-V0fb1RAyBU8,youtube,EBN - Joyeuses Pâques - Gustavo Faleiro,fr,,,2108,David Pelosi,default-rule,,,,,,,sermon,False,,,,,,V0fb1RAyBU8,,,,,
yt-BSbIONU3MZQ,youtube,"EBN - Jésus, le célèbre inconnu - 1",fr,,,2090,David Pelosi,default-rule,,,,,,,sermon,False,,,,,,BSbIONU3MZQ,,,,,
yt-pfP2EqBbnFw,youtube,On your,fr,,,2715,David Pelosi,default-rule,Évangile de Marc,,4,Mark,Mark,,sermon,False,,,,,,pfP2EqBbnFw,,,,,
yt-uNPP4M4Aqpc,youtube,Matinée Pastorale avec Paul Washer : Questions et Réponses,fr,,,5316,David Pelosi,default-rule,,,,,,,qa,False,"Paul Washer répond sans détour : pertinence, guérison, langues, prophétie — et pourquoi la parole et la prière restent les seules vraies armes du ministère.","Cette séance de questions-réponses avec Paul Washer aborde sans esquive des sujets qui divisent souvent les chrétiens : l'adaptation de l'Évangile aux cultures, les dons miraculeux aujourd'hui, la gouvernance des anciens, et la place du Saint-Esprit dans le ministère. Washer parle avec franchise, parfois avec rudesse, mais toujours pour ramener ses auditeurs à la Parole et à la prière comme fondements du travail pastoral. Une conversation utile pour quiconque réfléchit sérieusement à l'église, à la mission et à la vie spirituelle.","Paul Washer répond à des questions pastorales variées lors d'une matinée à Paris : il défend la suffisance de l'Évangile tel quel face aux cultures, rappelle que la prière et l'étude des Écritures sont les seules vraies armes du ministère, et appelle à une gouvernance ecclésiale fondée sur l'unité doctrinale des anciens. Il traite également du don des langues, des guérisons et de la prophétie en critiquant les dérives charismatiques, tout en affirmant que Dieu guérit encore aujourd'hui selon sa souveraineté. L'ensemble repose sur la conviction que rien ne peut être accompli sans la puissance du Saint-Esprit et qu'une vie de prière et de sainteté est indispensable à tout ministère fécond.",data/catalog/transcripts/yt-uNPP4M4Aqpc.txt,,uNPP4M4Aqpc,Missiologie | Suffisance des Écritures | Ecclésiologie | Gouvernance par les anciens | Dons du Saint-Esprit | Cessationnisme | Prière et intercession | Nouvelle alliance,"La vérité de l'Évangile n'a pas besoin d'être 'pertinente' mais d'être clairement expliquée, quel que soit le contexte culturel ou tribal. | La prière d'intercession et l'étude sérieuse de la Parole sont les seules armes authentiques du ministère ; les stratégies humaines en sont des substituts appauvris. | L'unité doctrinale parmi les anciens est indispensable : des anciens aux convictions divergentes communiquent que la vérité est sans importance. | Dieu guérit encore aujourd'hui selon sa volonté souveraine, mais le prétendu don de guérison tel que présenté dans les milieux charismatiques est introuvable dans la réalité. | Le don des langues était une langue humaine vérifiable ; la prophétie néo-apostolique non biblique dépouille les ministères de leur puissance plutôt que de les renforcer. | Tout le ministère est surnaturel et requiert la puissance du Saint-Esprit ; les promesses de la nouvelle alliance (Jérémie 31, Joël/Actes 2) garantissent une connaissance abondante de Dieu et la puissance pour vivre et prêcher.",Charles Spurgeon | Martin Lloyd-Jones | Bethany Jones | Ian Murray (Pentecôte aujourd'hui ?) | Justin Peters | Jean Calvin | Confession de l'Ontario,Éphésiens 4 | Luc 18 | Actes 1:8 | Galates 5 | 1 Corinthiens 3 | 1 Corinthiens 14 | Éphésiens 2:20 | Jérémie 31:33-34 | Ézéchiel 36 | Actes 2:16-21 | Colossiens 4,"Comment distinguer, dans votre propre ministère, l'adaptation culturelle légitime d'un message et la trahison du contenu de l'Évangile ? | Quelle place la prière d'intercession occupe-t-elle concrètement dans votre vie et dans la vie de votre église, et que révèle honnêtement la réponse à cette question ? | Paul Washer insiste sur l'unité doctrinale des anciens : dans quelle mesure votre église a-t-elle clarifié ses convictions communes, et comment gérez-vous les désaccords réels entre responsables ? | Comment tenir ensemble la confiance en la souveraineté de Dieu et la ferveur dans la prière pour les guérisons, sans tomber ni dans le fatalisme ni dans la manipulation ?"
yt-wgis2luCkVU,youtube,À la recherche du Bonheur 6/6,fr,,,2279,David Pelosi,default-rule,,,,,,,sermon,False,,,,,,wgis2luCkVU,,,,,
yt-bCaYIw1Ocw0,youtube,A la recherche du Bonheur 4/6,fr,,,1643,David Pelosi,default-rule,,,,,,,sermon,False,,,,,,bCaYIw1Ocw0,,,,,
yt-rTavTMT_8io,youtube,La Bonne Nouvelle et le Baptême,fr,,,1458,David Pelosi,default-rule,,,,,,,sermon,False,,,,,,rTavTMT_8io,,,,,
yt-GvM0K-Q3iyw,youtube,Résumé Eschatologique [La Fin des Temps],fr,,,531,David Pelosi,default-rule,,,,,,,sermon,False,,,,,,GvM0K-Q3iyw,,,,,
yt-adc02BgQFW8,youtube,Invitation : Conférence avec Paul Washer à Paris 23/02/2019,fr,,,73,,,,,,,,,sermon,True,,,,,,adc02BgQFW8,,,,,
yt-b2WqV_PoOKE,youtube,Invitation Conférence avec Paul Washer le 23 Février 2019,fr,,,73,,,,,,,,,sermon,True,,,,,,b2WqV_PoOKE,,,,,
yt-8pez2qvk7ZI,youtube,Racines 01 - Rencontrer Jésus dans la,fr,,,2232,David Pelosi,default-rule,Étude — Genèse,,14,Gen,Gen,,sermon,False,,,,,,8pez2qvk7ZI,,,,,
yt-Gn2R4oUJmiI,youtube,La Prière 2ème Partie,fr,,,2265,David Pelosi,default-rule,,,,,,,sermon,False,,,,,,Gn2R4oUJmiI,,,,,
yt-v9WqUIGHTGw,youtube,Semper Reformanda [Conférence 500 ans : Introduction],fr,,,755,,,,,,,,,sermon,True,,,,,,v9WqUIGHTGw,,,,,
yt-6ZZ-OCbs9II,youtube,2. La Nature de l'Expiation | Paul Washer Paris 2019,fr,,,4979,,,,,,,,,sermon,True,,,,,,6ZZ-OCbs9II,,,,,
yt-a5wRhlci2wA,youtube,Burk Parsons : N'aie pas peur - Conférence à Paris CBN6,fr,,,1303,,,,,,,,,sermon,True,,,,,,a5wRhlci2wA,,,,,
yt-PEe-gsxWu3A,youtube,Ta Parole Suffit | 7ème Conférence Bonne Nouvelle | Paris 05 et 06 mai 2023,fr,,,123,,,,,,,,,sermon,True,"La Parole de Dieu suffit — mais pourquoi la croyons-nous, et comment cela transforme-t-il notre vie d'église ?","Cette conférence pose une question fondamentale : peut-on faire confiance à la Bible telle qu'elle est, sans la réinventer pour chaque époque ? L'intervenant défend avec clarté la suffisance et l'immuabilité de l'Écriture, contre les tentations d'adaptation culturelle. Une réflexion utile pour quiconque veut comprendre pourquoi l'Église réformée place la Parole au centre de tout.","La prédication affirme que la Parole de Dieu est immuable et suffisante : elle ne doit pas être réadaptée d'une culture ou d'une génération à l'autre. L'Église est dirigée par la Parole seule, et c'est en elle qu'on trouve tout ce dont la vie chrétienne a besoin. Toute expérience spirituelle prétendue doit être éprouvée à l'aune de l'Écriture, inspirée par le Saint-Esprit lui-même.",data/catalog/transcripts/yt-PEe-gsxWu3A.txt,,PEe-gsxWu3A,Écriture Sainte | Autorité de la Bible | Suffisance de l'Écriture | Sola Scriptura | Gouvernance de l'Église | Inspiration du Saint-Esprit | Discernement spirituel | Prédication christocentrique,La Bible ne change pas d'une génération ou d'une culture à l'autre : son autorité est permanente. | La tentation de réduire la Bible à quelques versets favorables plutôt qu'une exposition complète et christocentrique est dénoncée. | La Parole de Dieu accomplit l'œuvre de Dieu : il n'est pas nécessaire de réinventer le christianisme pour le 21e siècle. | Les anciens dirigent l'Église par la Parole seule. | La Bible est à la fois divine et suffisante : ces deux affirmations sont liées dans le même texte. | Toute expérience spirituelle doit être éprouvée par la Parole ; le Saint-Esprit qui inspire l'Écriture est le même qui apporte la présence de Dieu.,,,"En quoi le principe de la suffisance de l'Écriture change-t-il concrètement la manière dont votre église prend ses décisions ? | Quelles formes prend aujourd'hui la tentation de réinventer le christianisme pour l'adapter à notre culture, et comment y résister ? | Comment s'assurer que notre prédication est réellement christocentrique plutôt que sélective ? | De quelle manière le Saint-Esprit et la Parole écrite travaillent-ils ensemble dans notre vie spirituelle ?"
yt-yAE6stBYOMk,youtube,Présentation de la Conférence EBN avec Conrad Mbewe,fr,,,60,,,,,,,,,sermon,True,,,,,,yAE6stBYOMk,,,,,
yt-RiUYSosPYcc,youtube,Invitation : Conférence 500ans de la Réforme Protestante,fr,,,128,,,,,,,,,sermon,True,,,,,,RiUYSosPYcc,,,,,
yt-p39Ke0-9ZbM,youtube,Paul Washer t'invite à la Conférence à Paris 2025 !,fr,,,142,,,,,,,,,sermon,True,,,,,,p39Ke0-9ZbM,,,,,
yt-Sr-omkx0ew4,youtube,Paul Washer - Invitation à la 7ème Conférence BN | Paris 05 et 06 mai 2023,fr,,,204,,,,,,,,,sermon,True,,,,,,Sr-omkx0ew4,,,,,
yt-c5MQQub8lZg,youtube,Racines 07 - La Circuncision et la Prière d'Intercession - Gn.17-18,fr,,,2240,David Pelosi,default-rule,,,,,,,sermon,False,,,,,,c5MQQub8lZg,,,,,
yt-O9JQBvga41E,youtube,J'aime - 2ème partie,fr,,,2260,David Pelosi,default-rule,,,,,,,sermon,False,,,,,,O9JQBvga41E,,,,,
yt-nBTCIYwyS2c,youtube,"Racines 08 - Sodome Jugé, Isaac Né et Abraham Testé - L'Evangile Typifié - Gn.19-22",fr,,,2220,David Pelosi,default-rule,,,,,,,sermon,False,,,,,,nBTCIYwyS2c,,,,,
yt-6N9Jt9xxpo0,youtube,Paul Washer présente Conrad Mbewe [Conférence 06 octobre 2018],fr,,,123,,,,,,,,,sermon,True,,,,,,6N9Jt9xxpo0,,,,,
yt-6Fy5LFDW_0k,youtube,"Paul Washer et Burk Parsons dans la VI Conférence - Paris 27, 28 Mars 2020",fr,,,290,,,,,,,,,sermon,True,,,,,,6Fy5LFDW_0k,,,,,
yt-CI2ATsRnUQ8,youtube,"10th Good News Conference: Brian Borgman, Don Currin,",en,,,178,David Pelosi,title,Étude — Joel,,1,Joel,Joel,,sermon,True,,,,,,CI2ATsRnUQ8,,,,,
yt-pjKHnVrQBvE,youtube,Paul Washer absent pour raison médicale | + Entretien à propos de la conférence à Paris CBN6,fr,,,1154,,,,,,,,,sermon,True,,,,,,pjKHnVrQBvE,,,,,
